creativeID,brand,"successclick
",successconversion
4079,191,2890,10
4565,56,4.49E+05,11622
3170,1400,387,5
6566,1400,224,1
5187,56,1.41E+05,2277
6440,56,21148,897
2367,803,137,0
4686,191,5445,15
2553,56,44013,601
5832,1400,162,2
2392,1400,251,2
5942,161,478,1
5949,191,21728,53
1273,161,7,0
3981,308,14636,908
4008,191,3076,4
6377,191,11848,28
2438,56,11856,256
697,153,2169,23
5184,93,129,0
1994,153,6592,125
2989,191,8815,19
6522,381,4752,274
3321,56,696,147
750,101,3654,43
2280,56,2019,46
4862,1400,307,4
1004,56,36168,419
3307,191,7584,17
5458,93,47,0
1882,160,11244,537
4122,7,179,0
4682,153,1507,9
5623,101,1228,10
3320,101,2868,32
4538,24,545,0
4250,56,1.11E+05,2077
5175,101,1709,15
6241,56,48988,1927
1451,308,9021,377
102,308,1579,253
3642,1400,953,17
3973,153,26097,477
2902,161,5,0
6471,1400,18,0
376,53,1.24E+05,5245
973,8,12497,2622
3465,56,78029,1218
5610,56,12178,346
1456,56,1.36E+05,3452
2566,59,64,0
2522,191,1925,3
72,35,43416,787
4432,56,88363,1775
1993,191,1636,3
32,191,5003,10
4705,1400,1090,15
1006,161,222,0
5209,53,56433,1742
689,53,4525,13
6201,153,3080,24
5332,153,2857,31
262,308,742,86
5030,35,17971,405
5886,35,15629,256
2703,191,3983,7
2002,56,9907,288
6490,191,3129,9
1698,24,2127,0
5258,2,4467,40
177,93,21948,2526
5740,1400,1599,11
3284,1400,1972,22
2284,191,3745,11
4444,191,16947,38
58,308,7386,110
1795,161,64,0
1069,35,1521,34
3293,191,3800,10
1198,61,43,0
3093,56,15552,451
5318,4,335,3
4637,59,4605,0
1543,381,11621,1265
3024,191,825,2
6193,1400,549,3
1540,56,96184,1356
51,56,18852,181
784,191,12903,31
34,56,15367,580
898,308,9835,322
1341,13,3418,152
3013,1400,206,0
4465,56,89089,1485
4373,153,9217,101
6036,53,3490,175
6317,47,2164,50
2198,381,1697,57
3745,191,11946,18
1465,47,22679,730
3361,50,10137,139
1821,28,5150,112
6387,56,18342,216
1918,53,4457,26
1537,56,16031,99
863,56,63869,1341
37,1400,29,1
6061,193,375,2
896,93,23,0
6185,93,72,0
3305,37,6507,41
1675,56,81333,1362
869,93,33,0
3884,24,6657,0
3722,53,1512,19
1612,56,6224,96
2875,22,1046,3
1259,191,9706,18
5378,403,4724,283
4336,93,320,1
2982,56,43978,426
1946,93,66,0
5943,56,21435,706
3732,308,2006,13
3586,56,17163,159
4756,803,129,0
6581,111,250,0
6278,1400,264,6
6444,78,3417,221
5584,53,283,1
2113,381,1607,43
985,56,21542,224
3090,381,6760,516
2240,24,46,0
4169,191,2923,5
5066,1400,68,0
3780,191,1526,2
4785,153,7342,118
4254,22,1792,10
709,803,19,0
860,1400,69,0
5736,101,1329,83
464,101,1096,11
5747,191,2470,3
997,191,2860,2
6364,403,117,1
5877,191,3238,6
3347,7,935,74
2623,78,2905,48
3566,1400,245,5
1234,1400,893,12
4328,55,80,2
6520,4,210,0
5161,191,801,3
3531,191,2899,6
594,191,4830,9
728,803,152,0
1486,53,11525,227
4843,34,135,4
2137,53,18188,799
6004,1400,319,3
527,1400,136,1
4113,153,1750,13
2590,1400,168,3
4357,93,39,0
4725,7,8343,96
4322,1,3533,118
382,1400,133,1
4094,1400,33,0
4845,1400,192,0
5231,1400,138,0
1513,1400,131,3
2439,1400,297,3
1268,1400,177,7
733,101,1179,24
5540,1400,3399,26
726,35,15435,241
5588,35,37149,1139
5906,403,232,33
1518,50,373,5
6511,93,47,0
5668,3,605,1
5163,78,124,3
5307,35,3974,35
3518,191,5650,13
1854,2,4680,147
1927,35,335,7
3594,1400,36,0
3353,35,43349,2520
4934,308,1135,53
522,1400,449,4
6141,308,3,0
4671,191,3169,8
5598,1400,733,11
3296,78,6397,377
584,13,5290,202
1433,53,2923,50
6310,191,1360,2
4077,93,9491,1177
2639,1400,3,0
3257,381,160,11
6266,153,255,18
5122,78,4207,161
4887,35,2201,25
2764,56,19512,219
5980,1400,295,2
319,1400,578,4
3439,1400,560,1
1473,1400,368,2
5036,1400,453,4
1253,1400,828,6
1765,191,234,0
6567,308,2134,336
2122,56,21726,180
1128,8,9358,1692
615,93,10125,1393
4493,78,2009,85
369,191,14768,28
150,42,5867,509
2387,191,351,0
1709,803,311,0
3869,56,57342,823
3555,1400,231,2
3423,59,72,0
6423,93,40,0
2478,153,1822,152
4228,8,9865,2251
4699,53,604,19
3957,28,138,11
5723,1400,347,4
3626,1400,1975,14
1830,1400,684,12
5095,50,4819,20
1825,1400,171,0
1409,42,3194,267
2603,1400,105,0
4131,191,3718,6
2537,53,39468,803
2235,56,28052,276
2521,1400,164,1
198,35,7666,164
4164,1400,61,0
6496,56,18648,183
5575,1400,1453,16
4830,1400,923,13
3765,1400,38,0
4802,1400,62,0
3398,803,188,1
845,803,62,1
173,803,21,0
5180,42,3611,136
5368,78,80,2
2225,803,123,2
3671,53,3524,97
1035,803,2,0
5656,53,705,18
3497,53,1422,53
4732,1400,545,6
4757,191,1676,7
1887,53,5998,245
2375,803,132,0
3178,1400,323,3
4106,37,59,1
5364,1400,783,5
6149,1400,621,8
5137,191,920,6
4668,1400,1076,15
6515,161,47,0
4239,403,418,31
3035,50,2552,13
4660,1400,16,0
2864,803,36,0
1238,56,12559,122
383,1400,406,3
2179,1400,2053,15
3476,1400,15,0
2586,1400,57,0
2287,1400,42,0
714,1400,22,1
3298,1400,231,1
6326,56,3770,120
5559,1400,89,1
5594,56,1988,118
6534,1400,1958,40
4620,803,31,0
3376,803,30,0
5772,1400,49,0
3114,50,329,0
3857,1400,65,0
4032,8,581,73
5940,803,24,0
183,1400,40,0
74,53,3363,56
1083,1400,1010,12
22,78,650,66
2571,1400,80,2
3062,1400,423,3
874,1400,121,2
690,1400,206,3
643,1400,392,8
3447,1400,497,7
3356,1400,651,5
1402,803,8,0
623,803,4,0
6411,53,208,5
6137,59,495,0
1617,37,6484,55
578,93,310,9
62,803,159,1
5734,1400,273,1
1166,191,2285,3
4892,22,1355,17
279,78,162,2
5738,93,35,0
5603,161,9,0
247,1400,54,1
3511,50,1386,55
5492,93,44,0
6517,93,81,0
1901,403,110,4
5186,191,10692,30
6452,403,77,4
1133,53,4035,54
1061,93,216,3
4494,59,2484,0
2386,191,6750,10
4215,35,746,232
4533,111,48,2
3408,53,8164,41
2860,1400,73,0
2432,1400,8,0
2884,191,767,3
3809,55,153,1
5176,191,5341,16
2302,308,9683,123
3546,35,1164,5
2489,1400,181,1
3688,1400,257,1
5044,191,2986,2
648,191,800,1
5395,1400,431,1
5662,7,1223,108
428,1400,367,2
490,1400,348,1
1489,381,5997,202
3403,93,119,5
486,5,5751,662
3487,50,2552,38
2736,191,3346,4
4480,78,1928,19
5638,52,46,1
6497,1400,24,0
39,803,32,0
2576,803,123,0
5897,52,325,14
456,161,231,0
2651,403,4,0
4763,191,447,0
2630,17,2539,91
4503,53,6884,36
1941,15,1376,0
1448,93,959,0
2935,93,28,0
5616,803,190,0
4430,153,351,1
5296,101,640,2
5345,1400,1208,7
6559,7,892,72
6344,1400,8,0
1512,191,1557,0
230,59,29,0
4181,42,2086,128
5855,1400,1217,15
1971,28,4154,85
2965,55,115,0
4409,191,455,0
5767,8,214,38
2469,1400,133,3
4958,1400,342,3
6162,191,781,3
5065,1400,756,10
829,1400,470,3
994,1400,215,2
3249,803,33,0
2808,56,6479,179
474,160,13,0
1645,803,127,0
3641,101,137,4
5325,803,115,0
3012,803,143,0
3918,803,175,1
4302,55,122,0
4775,56,256,13
4069,1400,207,3
665,93,3004,434
3441,191,2540,8
5528,50,587,13
3584,53,728,35
1924,1400,286,3
4578,1400,254,5
299,111,713,0
4657,191,739,4
2828,8,205,29
5548,4,406,0
5462,191,791,4
2305,1400,253,5
1389,101,1179,4
4640,1400,180,5
236,1400,67,0
4062,53,636,15
2463,1400,177,0
1047,42,191,6
83,25,23,0
5005,1400,3018,33
5791,1400,82,0
3788,1400,244,0
4291,803,99,0
2866,24,1087,0
1604,381,278,9
4511,35,2541,24
656,803,35,0
1963,191,6232,19
1891,803,22,0
612,160,28,0
3901,803,7,0
1204,803,11,0
1865,803,7,0
6312,803,13,0
982,55,183,1
2839,50,44,0
6220,56,1463,72
5342,56,2790,141
577,50,229,0
2182,803,37,0
3747,1400,69,0
6244,1400,17,1
3892,93,64,0
1938,1400,1561,24
6,803,149,1
3420,22,1304,7
2330,191,330,1
1064,37,1733,17
1524,1400,380,3
179,1400,273,1
3338,1400,248,6
3875,59,3072,1
6392,803,31,0
4039,1400,16,0
5500,803,27,0
6100,50,1491,6
107,1400,136,0
3904,1400,654,13
159,803,127,1
960,1400,4,0
3631,1400,124,0
5026,1400,58,1
2044,1400,43,1
979,1400,582,5
1445,53,462,0
6122,803,26,0
3945,803,137,2
2021,1400,134,0
5817,42,1809,74
3526,93,17,0
4882,191,2951,10
3236,1400,76,1
721,191,171,1
5543,1400,61,0
3893,56,565,37
3292,1400,620,2
193,1400,950,3
6281,803,128,2
6239,1400,422,2
4457,803,116,1
5473,1400,2363,29
4998,1400,310,9
4423,47,368,6
3934,191,1285,0
4455,1400,179,3
2693,1400,927,3
215,1400,76,0
5968,1400,204,6
5630,93,40,0
3496,403,93,15
5360,403,251,16
2374,53,909,3
5884,308,118,0
613,803,112,0
3536,29,717,87
4084,59,567,0
5448,803,17,0
4401,93,240,1
5148,1400,222,5
5336,191,2072,73
3075,191,3482,13
3381,1400,64,0
4121,7,571,32
6397,50,3698,399
2658,153,2513,36
3491,1400,108,1
1162,1400,204,4
2530,55,106,0
619,93,63,1
4443,160,16,0
6367,1400,79,1
1264,191,939,2
2497,1400,340,2
1063,1400,17,1
4747,803,190,1
2823,381,88,2
553,1400,309,1
4208,803,27,0
2085,803,26,0
1815,50,300,7
2212,803,114,0
6527,803,131,0
732,153,788,36
1229,1400,43,0
275,56,669,28
761,1400,147,1
4125,78,174,2
5992,1400,240,2
5146,1400,38,0
5861,56,4263,105
5003,101,139,3
128,381,829,41
3480,308,1681,250
3966,47,90,1
5436,1400,12,0
5226,803,143,0
2372,93,67,0
1205,381,47,10
4854,1400,70,0
1958,1400,3,0
144,53,1303,95
184,37,1960,24
993,1400,326,1
1279,1400,257,4
2711,191,3625,8
5654,803,28,0
5682,1400,202,1
6542,803,208,0
1110,381,1228,24
5147,41,634,43
3850,803,27,0
316,803,34,0
3834,1400,12,0
2580,1400,63,0
3965,1400,57,0
599,1400,18,0
5072,1400,51,1
176,1400,14,0
1298,1400,156,0
3137,1400,2,0
2051,1400,15,0
4997,803,136,1
2773,93,45,0
5917,1400,1181,13
5086,1400,124,3
6293,1400,16,0
1362,1400,9,0
1015,803,136,0
6153,1400,30,0
4553,93,35,0
329,403,69,6
3107,50,296,7
1142,35,902,300
2318,55,97,0
457,1400,551,7
99,161,5,0
4088,59,27,0
1492,191,212,0
6271,59,259,0
2861,1400,20,0
289,22,135,0
2834,153,180,16
1085,403,1097,111
1217,93,67,0
3113,381,1258,37
3014,803,105,0
5622,803,107,0
2969,803,141,0
2642,1400,1772,23
682,1400,221,3
777,14,66,1
5331,193,163,3
274,5,3108,356
263,161,9,0
5106,381,160,5
2883,93,63,0
1828,1400,131,2
708,35,42,2
6388,93,38,0
5261,93,43,1
1952,153,3478,54
3449,161,2,0
4801,191,1228,2
2074,1400,128,1
3341,403,550,73
5385,381,13,0
5211,1400,8,1
4602,56,177,6
6371,5,895,70
1212,1400,22,0
389,35,198,2
2143,101,932,6
5989,1400,3,0
2829,35,2138,90
5227,1400,18,0
5284,1400,4,0
3311,1400,6,0
5083,1400,1004,10
4937,1400,752,8
5322,803,125,2
6501,1400,86,2
5687,56,9691,269
2761,56,404,15
3899,1400,198,2
5037,93,54,0
5264,1400,639,10
1437,1400,169,1
6434,160,5,0
4993,1400,16,0
17,1400,9,0
445,1400,193,6
4234,803,132,1
3362,803,132,0
882,1400,86,0
3618,1400,209,3
2608,191,592,1
4902,803,129,1
205,1400,47,0
593,1400,170,6
1843,191,1218,1
4745,191,206,0
800,1400,227,1
3818,803,29,0
3273,403,43,3
4247,803,133,1
393,191,1370,4
1784,56,148,31
4080,1400,407,9
542,1400,769,7
6113,803,130,1
2597,93,46,0
1573,93,47,0
510,93,49,0
2275,34,15,0
6333,35,986,34
5536,35,2166,100
5661,53,1047,62
3764,93,5,0
396,14,8,0
2239,153,1951,14
2,1400,4,0
2852,35,1316,22
3310,53,416,2
2055,403,621,71
2360,1400,178,1
3169,803,119,0
2862,1400,230,8
3263,161,3,0
6474,161,12,0
1275,803,25,0
73,1400,109,3
1393,1400,12,0
1003,1400,323,1
6402,1400,373,7
3355,53,353,2
3533,1400,217,3
2574,381,434,61
2270,1400,137,3
3457,50,290,3
6184,50,317,2
3154,403,473,50
4737,160,3,0
4893,50,228,6
2277,191,1458,3
5078,1400,23,0
545,803,147,0
3874,1400,437,7
783,803,22,0
3121,1400,1275,13
5346,50,465,1
3971,1400,7,0
3223,1400,148,1
5717,1400,34,0
6032,55,21,0
1794,93,53,0
4482,1400,87,2
410,308,2384,31
4242,803,19,0
2996,803,14,0
5064,1400,27,0
4537,803,140,1
6110,803,116,0
5100,1400,108,0
5294,93,76,1
678,1400,91,3
4420,35,508,11
5805,403,66,5
4635,381,992,27
6104,34,71,2
2840,42,415,34
1187,59,1454,0
1223,803,133,1
1281,56,989,182
485,803,153,0
3187,1400,14,0
2930,50,1064,52
5596,161,12,1
4670,1400,36,0
3545,381,978,229
54,1400,371,2
4540,93,42,0
639,191,165,0
4981,93,178,5
780,1400,19,1
5946,160,27,0
2671,93,464,46
1117,161,2,0
4689,50,842,45
6179,191,205,0
4568,1400,214,3
6183,1400,3,0
1470,153,2041,40
2476,803,137,0
4675,803,5,0
655,1400,92,0
5491,1400,158,0
1114,1400,143,2
1738,153,31,1
2098,803,103,0
3265,803,28,0
1376,1400,69,0
4834,1400,152,1
5961,37,15,0
621,1400,330,5
2706,1400,119,2
3827,1400,1232,5
491,1400,123,1
3060,1400,410,0
2568,191,530,2
1103,803,12,0
6531,1400,11,0
380,1400,4,0
458,1400,9,0
1174,1400,1,0
313,1400,3,0
5999,53,26,0
5274,1400,32,0
3317,1400,127,0
2335,59,674,0
2446,161,3,0
2589,1400,2,0
4674,1400,153,1
5787,1400,87,0
1440,1400,359,2
1642,803,34,0
3622,50,632,4
5488,1400,29,0
5799,1400,387,8
2279,1400,172,1
5511,1400,245,2
1251,1400,236,7
4075,803,27,0
2583,1400,165,3
3556,803,33,0
4935,1400,256,2
701,1400,711,10
3999,111,56,5
4853,403,58,0
1762,93,58,0
481,93,34,0
4944,1400,9,0
5273,101,535,23
4225,93,39,0
2500,111,176,7
2049,153,331,23
2339,1400,484,5
3948,1400,83,1
3848,803,27,0
2425,803,25,0
3558,1400,381,2
5451,59,30,0
2499,381,519,27
1007,403,99,2
3432,381,578,18
1613,803,23,0
3938,1400,35,0
385,1400,9,0
2698,381,67,1
1265,101,246,0
3915,803,123,0
4755,381,12,1
240,7,9,0
4298,1400,280,5
136,93,21,0
6189,56,19,1
720,153,329,2
305,1400,51,1
4019,1400,64,0
6345,381,742,128
1368,1400,29,0
121,403,19,1
100,59,1094,0
3294,1400,577,5
1067,1400,201,0
2653,803,110,0
6212,1400,83,0
1143,381,252,12
4898,1400,49,0
1954,1400,149,2
4317,803,111,0
509,1400,179,3
350,1400,391,2
519,34,59,0
2090,1400,112,0
1737,1400,416,4
134,1400,15,0
1553,93,26,0
5074,1400,34,0
4883,1400,27,0
704,1400,150,1
2346,1400,95,0
6279,803,128,1
2636,403,1114,42
2106,93,61,0
567,403,39,1
6081,55,51,0
6577,161,163,0
4388,93,69,0
3342,1400,21,1
101,1400,27,0
1996,1400,726,8
2804,101,289,3
5367,403,354,14
4177,53,490,0
5321,1400,19,0
119,1400,25,1
5138,308,177,22
3416,803,7,0
4119,1400,107,0
1315,1400,120,1
2819,53,639,9
537,381,8,0
2328,1400,134,1
4654,803,33,0
2536,803,19,0
4347,53,184,6
469,1400,350,7
5422,403,72,4
3115,1400,28,0
5669,381,10,0
1375,53,261,1
5412,101,142,0
5370,1400,370,9
4138,1400,233,8
1585,93,50,0
4353,1400,323,6
2601,93,33,0
2398,1400,154,0
4097,1400,506,1
3755,803,117,0
127,93,9,0
6255,35,347,113
6096,1400,323,6
270,1400,199,4
5109,1400,56,0
3117,803,29,0
5590,42,190,10
1379,1400,263,5
3708,1400,36,0
6375,1400,15,0
1228,1400,75,0
467,803,33,0
283,24,72,0
2120,93,29,0
3021,101,148,0
295,803,145,0
3759,1400,41,1
1589,1400,56,1
3916,1400,761,4
1254,1400,157,0
5433,1400,107,1
1306,55,10,1
2237,1400,131,2
4358,1400,74,0
1850,1400,24,0
65,1400,11,0
3033,1400,43,1
285,1400,464,4
5976,1400,87,0
3804,1400,51,0
6067,1400,32,0
1060,1400,14,0
1898,161,13,0
4060,1400,119,1
5953,1400,281,3
4961,1400,282,3
1237,191,1592,1
3286,160,31,0
6557,93,33,0
685,803,5,0
2416,1400,5,0
4872,161,13,0
3864,1400,376,1
1419,93,2,0
1221,308,121,6
6539,161,227,1
5224,1400,31,0
2850,1400,26,2
1100,1400,5,0
526,153,277,2
3664,1400,59,1
4133,1400,21,0
1479,803,119,0
730,1400,188,2
6006,803,46,0
3927,1400,33,0
3692,1400,440,8
3010,1400,55,0
405,803,23,0
2453,803,4,0
6468,93,5,0
6070,191,233,0
752,381,44,0
2845,93,21,0
5639,803,26,0
4585,191,11,0
4876,803,102,0
6323,1400,32,0
4422,803,27,0
5387,803,33,2
6342,1400,480,4
4186,803,158,1
2381,1400,15,0
4693,803,120,0
1245,93,70,0
2552,93,70,1
586,1400,54,0
3659,803,140,0
1742,803,28,0
5110,803,170,0
6052,1400,307,2
4648,803,27,0
5860,1400,566,1
4642,193,35,1
3433,24,45,0
3863,1400,36,0
4046,1400,52,0
6131,403,296,29
5120,803,116,0
1531,803,16,0
2032,1400,35,0
3686,403,19,0
1580,1400,451,8
2426,93,53,0
4963,111,86,0
1248,803,166,0
5377,1400,174,0
5651,1400,520,5
5407,803,16,0
6537,161,7,0
1678,1400,27,0
3807,803,136,0
1525,803,15,0
5920,42,185,8
2204,1400,677,8
5046,381,34,2
5975,161,8,0
2776,803,33,0
2702,34,14,1
695,55,106,1
3161,803,13,0
4895,101,985,6
1444,1400,9,0
1094,34,25,0
907,803,150,0
413,1400,17,0
819,1400,36,1
5811,803,12,0
2461,1400,310,4
2572,191,438,1
477,1400,6,0
2247,1400,76,1
5141,803,111,0
1858,803,262,0
256,803,29,0
218,1400,30,0
126,803,119,0
5730,803,131,0
497,1400,154,2
94,803,145,1
3409,803,131,0
3522,803,152,0
5525,1400,8,0
2645,1400,25,0
4592,803,19,1
4928,1400,44,0
4765,53,89,0
4051,160,26,0
6346,42,96,3
2133,193,38,0
2513,803,22,0
3552,1400,49,0
3731,53,802,6
3729,55,24,0
416,803,144,0
1670,50,892,46
5489,1400,139,0
3494,803,32,0
4723,52,203,6
4940,1400,296,1
1290,403,7,0
1880,161,1,0
1942,161,4,0
5879,78,132,2
4652,803,25,0
4525,803,30,0
4183,1400,15,0
2596,803,27,0
56,1400,194,2
775,803,127,1
204,55,78,1
4428,161,14,0
3482,1400,60,0
260,1400,58,0
1792,1400,19,1
679,381,351,9
1310,160,81,0
168,47,781,25
399,1400,17,0
2738,803,127,1
1907,53,324,17
1853,1400,145,0
297,1400,430,7
5215,1400,207,1
1054,803,3,1
4550,1400,13,0
6027,1400,25,0
6553,1400,25,0
718,42,5,0
787,803,151,0
2760,93,47,0
5054,803,41,0
4144,1400,31,0
5825,803,28,0
3868,160,14,0
4429,1400,88,0
4952,1400,8,0
6158,1400,16,0
6335,1400,141,0
4479,153,117,29
41,7,143,9
2362,803,17,0
2742,59,66,0
5196,1400,27,0
608,381,6,0
23,53,1056,22
2544,35,89,23
4571,161,8,0
1059,161,20,0
4787,381,45,1
1928,1400,59,2
937,25,26,0
2683,1400,26,0
1667,1400,30,0
4157,160,86,0
2718,1400,35,0
676,1400,30,0
3725,1400,144,0
5866,803,41,0
2548,1400,33,1
1682,1400,854,6
5941,1400,315,3
5271,161,7,0
1829,53,415,7
3473,1400,235,1
5894,1400,45,0
3738,803,133,0
2724,381,3,1
6298,1400,480,2
4520,1400,73,0
4103,1400,141,2
5365,1400,93,0
836,803,25,0
958,803,152,0
5850,803,24,0
4501,803,129,0
3657,1400,7,0
1000,308,271,3
2151,50,118,0
1005,1400,131,0
447,1400,30,0
1657,1400,40,0
2876,1400,29,0
5504,52,98,0
2995,193,109,1
2150,153,316,3
4011,101,464,12
5472,50,294,7
3582,161,34,0
5609,403,15,0
139,1400,24,0
5532,1400,44,0
1472,1400,15,0
2357,191,19,0
5403,1400,90,0
3472,50,72,0
2060,1400,15,0
4190,41,467,41
2654,1400,88,1
5592,1400,147,0
5704,1400,129,0
26,50,292,7
4474,53,202,0
5633,59,40,0
744,803,109,0
1235,1400,7,0
2973,1400,52,1
803,161,3,0
1616,803,28,0
1712,1400,31,0
5063,1400,221,0
5665,1400,194,0
5243,803,19,0
6059,53,332,4
3674,1400,11,0
5079,1400,41,1
6132,1400,31,1
3508,1400,4,0
146,803,121,0
280,1400,161,1
3032,803,145,0
379,1400,34,0
1495,37,289,17
4559,803,28,0
4276,403,15,0
825,308,416,9
3774,1400,16,0
1135,111,178,1
3427,1400,280,2
3742,193,83,2
6399,1400,214,1
742,50,1536,22
4855,59,25,0
6385,93,26,0
3876,1400,84,1
1677,1400,77,0
6286,1400,66,1
4614,1400,77,1
2555,1400,439,2
2896,93,94,0
743,160,33,0
4481,1400,14,0
1464,1400,138,1
3421,1400,36,0
4108,55,9,0
935,803,115,1
1637,803,144,0
2700,803,15,0
6576,1400,109,0
277,93,34,0
2669,1400,271,2
4709,1400,137,0
872,803,31,0
252,803,23,0
5232,1400,230,0
2484,50,287,1
1050,1400,42,2
4957,1400,15,0
4211,803,11,0
3617,1400,279,2
2005,1400,86,0
4616,50,994,2
4807,1400,92,0
6572,161,14,0
6123,403,3,1
5760,1400,105,2
1384,1400,195,1
3516,803,16,0
5361,56,171,18
6127,1400,6,0
1635,111,14,0
3052,381,119,23
4308,1400,37,0
3254,1400,48,0
1947,1400,68,2
155,803,102,1
4237,403,87,3
3144,53,476,1
795,1400,38,1
3751,803,11,0
2612,803,6,0
2545,803,27,0
5523,1400,10,0
80,1400,124,1
4515,1400,31,1
1570,191,160,0
4590,803,18,0
1458,803,149,1
3744,803,117,0
4395,1400,304,5
516,1400,137,0
4342,1400,130,1
4296,1400,94,1
6321,803,117,0
4610,1400,10,1
6330,93,29,0
864,1400,15,1
6263,381,12,0
5419,56,545,69
1381,93,23,0
1232,1400,196,3
2867,1400,31,1
3378,53,34,1
290,1400,109,1
4913,381,23,1
2663,803,161,1
555,1400,24,0
1367,34,45,2
3087,381,338,15
4760,803,24,0
843,381,9,0
1190,1400,11,0
1747,1400,159,1
1631,1400,51,0
5537,1400,176,0
2851,1400,240,0
2892,1400,58,0
421,803,208,0
293,1400,97,0
755,193,27,0
5118,1400,52,1
1845,1400,29,0
1644,803,20,0
1129,803,129,0
5040,1400,18,0
2618,1400,64,0
4043,381,100,2
2394,1400,141,0
4965,403,65,1
5444,50,747,13
1435,1400,13,0
6218,50,874,7
2205,15,262,1
6025,111,568,4
3625,55,83,0
5981,160,36,0
809,160,26,0
4527,803,112,0
681,803,30,0
688,111,248,1
2832,1400,61,1
862,1400,28,0
6393,1400,28,0
6324,1400,10,0
3632,191,339,0
1417,803,22,0
1546,53,1412,69
2696,803,32,1
1650,1400,6,0
3063,1400,2,0
1943,1400,20,0
443,50,146,0
1837,1400,174,1
1183,1400,65,0
5352,1400,3,0
84,381,85,4
2202,403,8,0
552,1400,246,6
6479,111,72,0
5382,403,16,0
1626,93,32,0
4385,381,27,1
5369,1400,126,3
3499,1400,60,0
1249,1400,153,2
2551,1400,26,0
6430,161,18,0
2440,1400,65,0
5363,1400,28,0
5564,1400,33,1
4987,193,48,0
5600,191,250,2
1753,1400,4,0
2124,803,6,0
1390,803,8,0
2442,1400,144,2
5097,803,20,0
4891,1400,23,2
592,803,48,0
4220,1400,207,3
4549,1400,29,0
5010,1400,22,0
3134,1400,170,3
6197,803,39,0
2879,1400,10,0
3719,803,148,4
4258,93,35,0
2141,803,143,0
6538,803,13,0
4558,160,13,0
5931,111,58,1
3653,191,59,0
3890,1400,420,5
712,1400,72,0
6005,803,23,0
1615,41,170,23
2131,1400,146,0
377,56,115,10
967,35,206,3
3108,381,21,1
1609,803,21,0
606,1400,196,1
6358,55,15,0
2934,1400,12,0
4502,1400,53,1
5000,1400,116,3
6384,161,11,0
6284,50,117,0
4378,1400,5,0
4498,1400,50,1
2794,1400,115,3
5690,56,563,23
856,803,6,0
1056,1400,12,0
4917,1400,57,0
938,803,24,0
5050,1400,527,4
3794,403,3,0
4786,803,43,0
6455,111,66,0
5053,161,4,0
384,403,63,1
130,111,14,0
870,403,24,2
1771,1400,21,0
2420,193,7,0
5105,111,53,0
1713,381,178,34
3767,1400,107,2
5766,803,38,0
1345,1400,79,1
3029,1400,153,3
5681,803,155,2
5529,803,24,0
1224,803,25,1
2970,1400,10,0
2479,803,29,1
4334,803,38,0
4796,1400,101,0
4619,803,21,0
535,803,20,0
5067,1400,255,1
475,93,64,0
2354,1400,86,0
529,35,33,0
536,161,4,0
5293,161,8,0
4003,193,55,0
6066,403,16,0
1548,1400,160,1
1109,50,917,4
4452,160,66,0
2790,191,118,1
398,1400,17,0
1768,1400,4,0
1619,1400,19,0
138,160,33,0
3066,59,20,0
391,1400,188,2
5626,1400,150,2
4859,1400,142,2
3080,803,23,0
6175,803,19,0
5478,50,21,0
2058,803,31,0
2991,1400,9,0
3931,1400,136,1
1931,1400,60,1
3057,1400,178,1
1355,1400,109,2
3701,1400,128,0
5660,803,22,0
4783,1400,14,0
2925,93,57,1
1209,1400,46,0
3191,161,19,0
3171,1400,6,0
2236,101,1058,27
1786,1400,14,0
3952,50,5,0
1899,1400,26,0
2869,1400,74,1
1814,1400,41,1
309,1400,18,2
4724,803,130,0
353,1400,13,0
5090,803,25,0
2317,1400,5,0
4781,50,451,0
5764,803,41,0
4301,191,152,0
165,1400,49,0
346,803,26,0
2841,1400,15,0
916,803,37,1
1998,1400,91,0
4912,803,31,0
4091,803,39,0
2550,803,19,0
64,1400,40,0
2939,161,33,0
1527,1400,9,0
3150,1400,13,0
6424,803,26,0
1165,803,43,0
5162,1400,13,0
1073,191,144,1
2905,153,166,0
3393,1400,5,0
5967,93,9,0
3959,1400,107,1
759,803,123,0
3285,403,27,2
258,160,11,0
4959,55,253,0
804,803,253,0
1633,308,172,1
3633,1400,19,0
323,1400,32,0
5530,1400,30,0
6174,1400,86,4
1630,1400,44,1
180,35,493,16
838,1400,4,0
4436,1400,49,0
4665,93,38,0
1070,160,37,0
5676,1400,138,1
1506,1400,91,1
1314,803,114,1
1685,803,17,0
3787,1400,61,0
6477,1400,47,0
1588,93,58,0
2155,1400,39,0
214,803,3,0
3335,403,42,0
2409,161,6,0
1728,1400,188,0
2837,1400,12,0
3402,381,22,2
412,56,4,0
174,803,13,0
2744,1400,51,0
2750,1400,133,1
152,1400,221,6
6207,1400,61,0
4566,803,28,0
6331,1400,5,0
3239,1400,33,0
1981,803,116,0
5287,803,131,0
1410,1400,437,5
1364,1400,245,1
4971,1400,46,0
1564,93,49,0
5695,803,4,0
3862,803,6,0
591,803,13,0
1018,803,9,0
3913,101,246,6
4663,191,38,0
4542,191,52,1
4095,50,1339,19
6115,803,12,0
3133,403,3,0
3109,1400,48,0
3737,803,5,0
1505,25,50,1
2746,803,44,0
4425,1400,192,2
5664,1400,318,3
2842,1400,37,0
1884,803,78,1
1299,1400,217,4
638,191,119,0
2013,101,1,0
2299,803,7,0
1278,161,4,0
1096,1400,5,1
3231,1400,8,0
1090,1400,95,0
2408,381,24,0
492,1400,64,0
3308,1400,12,0
842,1400,12,0
1980,1400,9,0
889,1400,87,0
2312,1400,186,8
5125,1400,15,0
4404,1400,190,1
4061,803,49,0
3448,1400,84,0
2685,1400,62,0
3943,803,15,0
5131,1400,53,1
1504,1400,34,0
2520,1400,40,0
2668,1400,34,0
2932,1400,166,1
636,153,1150,7
3630,55,73,0
5973,1400,19,0
2089,161,7,0
1040,59,133,0
4812,1400,56,0
1621,1400,20,0
4105,803,22,0
972,1400,63,0
3489,1400,46,1
1066,1400,55,1
3612,803,29,0
2176,93,15,0
1906,803,29,0
5589,1400,196,2
1494,52,21,1
5642,161,9,0
368,161,3,0
2289,161,9,0
404,1400,12,0
2691,1400,138,3
1125,803,23,0
5308,803,20,0
3164,1400,21,0
2160,1400,41,1
5984,50,37,1
949,1400,182,3
3733,160,5,0
1335,1400,1,0
598,803,11,0
1120,1400,78,0
1590,803,46,1
3532,161,2,0
1011,1400,71,0
3276,1400,73,2
3349,1400,20,0
5731,161,3,0
345,1400,71,2
1803,803,29,1
4896,160,1,0
3008,1400,11,0
1322,50,120,3
365,1400,89,1
1987,1400,64,1
683,1400,30,0
6108,93,70,2
3855,381,17,0
897,1400,98,0
4450,1400,220,3
2224,161,3,0
148,78,121,0
1392,7,16,0
3316,803,11,1
5366,53,839,3
298,803,26,0
1134,191,116,0
4722,1400,54,0
5457,803,7,0
143,1400,54,0
3977,55,25,0
4090,1400,32,0
4800,803,43,0
4766,160,5,0
4776,56,9,1
1550,52,86,3
3470,1400,24,0
2770,1400,188,2
699,153,163,0
5644,55,57,0
2938,803,10,0
2512,381,618,103
5114,153,36,0
1847,803,123,0
1272,1400,18,0
664,50,910,21
822,1400,66,0
3697,1400,40,1
151,161,6,0
2419,1400,14,1
5585,1400,59,0
2147,1400,173,0
440,1400,101,2
936,1400,153,0
4311,1400,4,0
2460,1400,3,0
5373,1400,3,0
3407,1400,37,1
4049,1400,15,0
2800,1400,75,0
5309,1400,78,1
5179,1400,280,5
4805,93,32,0
3962,1400,87,0
2253,191,4,0
4188,41,23,0
49,191,51,0
6232,50,91,1
2323,93,19,0
3667,160,37,0
4118,1400,145,0
430,1400,4,0
5963,803,18,0
4107,1400,157,0
6136,1400,2,0
4505,803,8,0
5212,803,7,0
2976,1400,73,0
6182,1400,249,4
3574,34,15,0
3520,803,32,0
194,55,29,0
2717,101,3088,13
831,193,104,4
1832,1400,35,0
4641,1400,28,0
3614,803,121,0
425,803,124,0
4688,803,3,0
3288,381,13,0
5474,1400,165,1
533,1400,147,1
6128,1400,137,1
6338,1400,21,0
3501,1400,38,2
6222,1400,8,0
3523,1400,5,1
3958,803,6,0
6051,1400,20,0
557,59,191,0
886,160,38,0
1357,101,64,2
5606,803,24,0
3983,403,57,3
3235,403,317,11
1793,381,10,0
312,803,33,0
1469,403,3,0
711,1400,83,2
5025,1400,78,2
1161,803,22,0
1295,1400,100,0
515,803,27,0
6238,1400,139,3
4990,803,11,0
3006,1400,34,1
2285,803,14,0
6475,1400,44,0
85,1400,50,0
999,803,34,0
1027,41,19,3
5580,308,2,1
2611,1400,28,1
955,1400,48,0
957,803,27,0
5399,55,7,0
3213,381,202,30
645,803,21,0
634,803,8,0
4685,803,15,0
4265,161,5,0
6319,381,26,1
1509,381,250,7
161,161,10,0
6154,803,16,0
2917,803,5,0
3979,161,8,0
342,55,2,0
2974,803,34,0
251,381,33,0
3132,1400,68,0
1206,1400,35,1
3389,1400,145,3
5269,803,25,1
4418,50,344,4
200,161,5,0
4593,1400,98,8
3110,1400,10,1
2218,160,7,0
4114,191,24,0
5170,53,22,0
630,803,52,0
4899,22,129,0
162,1400,28,0
4330,803,27,1
2434,803,49,0
3825,803,3,0
4383,1400,32,1
1044,803,25,0
1157,1400,43,0
2518,1400,70,2
4271,1400,8,1
1032,1400,10,0
3578,1400,20,0
976,1400,50,1
628,1400,7,0
2412,1400,12,0
2227,1400,16,0
4209,803,35,0
2134,35,142,4
6550,1400,33,1
1119,1400,87,0
6227,1400,21,1
511,55,2,0
1271,381,27,0
4128,111,34,0
6491,193,42,0
5798,803,24,0
6533,1400,32,1
4762,160,21,0
1311,160,21,0
5445,803,28,0
5635,1400,17,0
5216,803,6,0
1197,1400,4,0
5936,803,23,0
109,1400,130,0
2893,161,3,0
5326,1400,89,2
4650,59,35,0
1582,1400,72,0
3993,50,55,0
3576,1400,37,0
5178,1400,10,0
232,1400,9,0
246,803,4,0
1038,161,74,0
1756,1400,16,0
4819,1400,10,0
3440,59,62,0
4740,803,24,0
3849,803,36,0
1227,1400,19,0
4991,803,3,0
1363,803,5,0
3758,803,7,0
6285,1400,35,0
6102,1400,12,0
5177,1400,8,0
207,59,42,0
1160,403,2,0
2857,803,32,0
1196,1400,18,0
2833,1400,10,0
6041,1400,78,0
1171,1400,5,0
978,1400,54,1
6192,1400,16,1
5505,1400,42,0
1319,1400,43,0
1516,2,140,57
5425,1400,6,0
4053,28,96,1
2807,161,2,0
3289,803,5,0
5757,803,140,1
4948,1400,17,0
1008,803,3,0
5796,1400,38,2
3648,803,15,0
4820,1400,17,0
2740,1400,25,0
6476,803,45,0
5426,403,20,0
4909,56,15,0
4625,1400,17,0
3245,101,1,0
494,381,20,1
3226,93,21,0
1013,193,50,0
4922,161,26,0
6380,93,18,1
4246,55,24,0
1745,1400,68,0
1194,161,11,0
1185,1400,86,0
729,101,3,0
468,1400,20,0
1321,1400,14,0
4364,1400,82,1
5143,1400,19,0
762,191,296,0
261,101,43,0
4769,59,223,0
195,56,6,0
3805,1400,32,0
93,1400,25,1
3418,1400,77,0
1026,1400,19,0
4312,161,1,0
3442,803,21,0
3640,803,28,0
259,1400,2,0
5815,1400,15,0
3330,803,24,0
3467,803,35,0
4567,1400,52,1
6075,1400,14,0
1977,34,17,0
5688,1400,13,0
3872,1400,55,1
926,803,34,0
3400,803,26,0
2656,1400,4,0
2406,1400,35,1
6076,1400,61,1
2681,381,15,0
992,1400,26,0
1150,1400,10,0
2197,803,14,0
2588,1400,19,0
1208,1400,43,1
3237,803,26,0
1810,160,10,0
2064,41,79,5
765,101,475,2
2993,1400,128,2
3969,59,18,0
96,1400,41,1
4050,803,25,0
4025,25,1,0
3740,1400,42,1
1839,1400,86,1
4231,1400,16,0
45,1400,145,0
3801,55,13,0
5653,803,28,0
6086,1400,33,1
2006,1400,16,0
4332,50,128,1
543,1400,4,1
5781,803,43,0
2431,803,19,0
5620,1400,8,0
1921,803,16,0
3748,1400,38,0
216,1400,133,0
4112,803,22,1
3714,8,28,3
793,803,13,0
579,47,89,2
5440,403,15,3
3821,160,28,0
2062,803,39,0
1912,193,3,1
4117,1400,31,0
4202,803,14,0
4033,1400,7,0
5829,1400,237,0
5912,1400,7,0
4694,803,13,0
5029,803,17,0
1679,1400,34,0
1622,161,26,0
3812,161,15,0
2805,161,2,0
670,403,27,2
4792,55,4,0
145,101,597,3
2429,1400,49,1
2871,803,31,0
1080,803,30,0
2649,1400,88,1
366,1400,13,0
3770,803,34,0
1727,1400,37,2
3384,160,3,0
4879,803,28,0
523,803,22,0
4287,160,2,0
5827,1400,10,1
3371,1400,14,1
2153,1400,41,0
3314,1400,74,1
4399,1400,7,0
5933,161,3,0
1782,52,99,3
2816,381,39,1
4818,1400,113,1
2726,161,3,0
5818,59,102,0
3817,1400,69,0
1953,803,7,0
4102,803,9,0
2304,34,24,0
3391,403,106,5
4863,59,50,0
4038,1400,115,1
6020,1400,43,0
2557,1400,4,0
3978,59,35,0
386,101,242,21
521,161,11,0
4387,1400,6,0
2221,1400,34,0
2599,803,4,0
172,161,2,0
5611,803,8,0
5712,803,10,0
2911,1400,136,1
939,1400,39,1
1526,1400,48,0
694,803,8,0
2855,1400,13,0
6309,803,34,1
5439,111,3,0
3795,35,30,0
5485,1400,16,0
4858,1400,3,0
5526,803,23,1
6336,50,80,1
3921,403,11,1
3778,403,16,3
3306,161,13,0
833,161,27,0
6529,161,3,0
3998,1400,58,1
4535,1400,17,0
1827,1400,9,0
1340,1400,44,2
4460,53,83,1
2780,1400,10,0
4303,803,16,0
2799,1400,43,0
3196,1400,30,1
1877,1400,20,0
1805,1400,34,1
201,1400,49,0
4283,59,22,0
4817,803,15,0
1487,25,44,5
3105,803,26,0
3568,191,169,0
741,1400,10,0
5763,803,33,0
2791,1400,8,1
4919,1400,20,0
5670,161,15,0
6355,22,97,1
3461,1400,24,0
5677,1400,4,0
1629,403,9,0
1692,56,81,1
2456,803,21,0
4458,55,50,0
654,93,34,0
401,93,39,0
6142,381,190,2
618,1400,19,1
3218,803,19,0
1280,193,1,0
4510,1400,185,3
5778,160,19,0
5636,111,18,0
6013,803,5,0
5628,803,8,0
4833,1400,21,1
1520,1400,27,1
1173,1400,4,0
3920,34,12,0
4678,1400,22,1
4417,1400,2,0
6369,1400,7,0
6485,160,12,0
570,161,12,0
6079,803,5,0
301,93,10,3
2187,1400,4,0
1809,803,10,0
961,803,22,0
6359,93,14,1
1930,1400,15,0
6357,1400,34,0
3877,93,5,0
254,308,6,1
2356,803,25,0
4081,1400,82,0
4573,803,20,0
2796,803,20,0
4771,1400,123,1
479,803,9,0
1151,56,297,9
4487,1400,11,0
4700,191,208,0
1177,101,96,13
3710,803,30,0
2567,160,3,0
930,161,4,0
968,1400,13,0
4396,52,19,0
2933,160,23,0
6580,1400,16,0
1170,1400,22,0
4865,1400,23,0
3001,1400,7,0
909,1400,14,0
3604,803,24,0
4361,1400,92,0
4658,803,30,0
2422,1400,47,0
4413,1400,8,0
106,803,23,0
2806,50,6,0
4869,1400,2,0
3259,1400,3,0
6302,803,15,0
6091,803,3,0
1575,1400,64,1
849,803,11,0
5915,1400,19,0
3693,161,4,0
943,1400,80,0
2968,161,10,0
1291,160,4,0
3865,161,27,0
4316,160,3,0
3272,1400,2,0
556,1400,15,0
817,803,20,0
2257,1400,15,0
1104,1400,11,0
53,161,2,0
2030,160,11,0
5715,803,28,0
3535,193,15,1
4446,403,11,0
4224,52,6,0
3573,1400,22,1
6561,1400,84,1
3369,1400,68,1
1936,803,28,0
2629,160,31,0
4306,53,27,0
5049,803,19,0
2684,803,35,0
1502,803,23,0
5254,308,3,0
3785,803,15,0
1074,1400,8,0
66,1400,25,0
4721,1400,14,0
3267,1400,16,2
866,403,64,1
4433,1400,18,0
4431,160,18,0
2787,1400,13,0
4044,1400,7,0
3530,25,19,0
1349,803,3,0
5222,803,41,0
4268,1400,13,0
158,1400,19,1
4001,1400,46,0
2802,55,10,0
642,803,39,1
4141,1400,46,0
6223,1400,30,0
4881,1400,19,0
2506,1400,27,1
6401,1400,41,1
1049,1400,27,0
4448,803,36,1
2482,1400,31,0
5945,803,15,0
2918,161,6,0
3976,53,20,1
6140,17,35,0
1188,803,16,0
1734,803,20,0
5871,1400,24,1
3430,1400,21,0
6466,1400,104,2
5586,803,40,1
4304,160,5,0
989,1400,93,0
722,1400,84,0
1098,803,5,0
4148,1400,3,0
4715,803,20,0
4954,803,22,0
116,803,19,0
956,1400,13,0
141,1400,20,0
3524,803,22,0
5310,41,24,3
3395,803,41,0
6492,803,8,0
3813,1400,4,0
2570,1400,12,0
3210,803,21,0
2747,1400,38,2
2281,803,15,0
4499,161,2,0
5214,59,16,0
1462,803,6,0
171,1400,49,0
1317,803,30,0
6267,1400,12,1
6015,1400,30,0
2610,1400,15,0
5208,101,28,0
568,803,5,0
6420,1400,4,0
6163,803,30,0
12,381,15,1
865,55,8,0
1857,1400,74,0
3094,1400,26,1
284,803,29,0
2325,1400,56,0
3278,1400,29,1
1065,1400,40,1
3483,161,6,0
4354,803,19,0
3882,160,4,0
3854,803,20,0
920,161,1,0
888,1400,14,0
2322,1400,19,0
5490,1400,35,0
5006,1400,49,0
3118,803,19,0
5837,803,33,0
2402,15,27,0
1636,160,2,0
1388,56,55,9
4360,1400,14,0
1577,161,12,0
2258,1400,151,1
1,1400,5,0
589,1400,24,0
2223,1400,33,0
2643,1400,23,1
164,803,18,0
5246,803,40,1
2825,34,6,1
1614,1400,140,0
1598,1400,101,2
607,93,9,0
2797,59,11,0
5830,161,11,0
3025,93,18,0
1343,34,236,2
197,1400,28,0
2095,1400,84,1
5742,1400,25,0
731,381,2,0
5971,1400,21,1
5469,1400,49,0
952,1400,4,0
1342,803,13,0
3264,1400,9,0
6033,1400,5,0
1706,1400,38,0
1428,803,14,0
6373,160,5,0
4664,403,24,2
6406,191,113,0
5142,56,9,0
4984,381,52,8
6237,803,29,1
4680,1400,36,0
3756,1400,9,0
4599,1400,20,0
4205,1400,9,1
4488,191,2,0
2180,381,23,2
4894,803,7,0
5157,803,5,0
24,803,9,0
840,1400,9,1
3856,35,36,0
925,59,61,0
5634,1400,2,0
4673,381,13,0
4233,50,30,0
776,803,4,0
4323,161,5,0
6328,1400,33,0
1366,161,75,0
439,1400,32,2
1042,1400,10,0
4710,191,43,0
248,1400,5,1
6316,1400,22,0
2207,803,33,0
566,403,12,0
3367,1400,34,0
1743,803,21,0
1929,1400,8,0
2529,1400,16,0
789,1400,10,1
2818,59,29,0
585,1400,62,1
3095,1400,8,0
1820,1400,7,0
4321,1400,24,1
5948,1400,6,0
3580,803,25,0
3988,803,3,0
110,381,17,0
6551,1400,4,0
2587,803,15,0
3577,1400,10,0
187,52,42,2
6454,803,12,0
5974,803,27,0
2428,803,19,0
4613,161,5,0
3967,803,7,0
5297,1400,3,0
1711,803,11,0
267,160,9,0
2222,1400,3,0
3279,803,26,0
5043,1400,11,0
4518,803,21,0
2162,35,84,1
6548,381,84,5
4368,191,177,1
1382,1400,32,1
1758,803,51,0
5728,42,111,14
442,1400,52,1
5280,1400,21,0
5518,1400,10,0
4969,1400,50,0
2632,1400,51,0
1514,803,15,0
5768,161,2,0
1697,59,44,0
1442,803,4,0
3230,1400,8,0
990,803,28,0
5755,1400,1,0
3941,803,3,0
6021,161,9,0
21,55,6,0
887,101,24,0
2675,1400,13,0
4628,1400,29,0
1358,160,6,0
6396,1400,24,2
5447,1400,11,0
1515,1400,57,1
1180,191,84,0
1347,50,94,2
2311,803,9,0
6010,1400,12,0
4393,803,17,0
4666,1400,23,1
4842,1400,22,0
5691,1400,5,0
465,1400,28,0
2690,1400,189,0
5927,1400,7,0
5779,161,2,0
2248,1400,5,1
493,93,12,0
6519,803,23,0
1331,803,24,0
6403,1400,9,0
2265,55,13,0
5998,1400,24,0
208,1400,8,0
2195,1400,8,0
3468,1400,44,0
693,1400,17,0
2865,1400,25,0
4310,160,7,0
828,1400,11,0
1583,1400,46,1
1761,1400,8,0
2847,1400,3,0
5250,1400,9,0
6295,381,25,3
7,1400,66,0
3336,1400,25,0
455,160,11,0
2003,803,10,0
4394,1400,44,1
1231,803,22,0
737,803,15,0
1439,1400,40,0
224,1400,9,0
953,1400,1,0
2723,160,8,0
5774,381,11,0
1082,803,23,0
3241,1400,4,0
2166,111,44,0
895,160,6,0
1733,803,36,0
2300,1400,15,0
6457,803,24,0
2139,803,27,0
1935,1400,15,0
3184,403,4,1
2421,1400,25,0
4180,160,13,0
1178,1400,27,0
5960,160,36,0
5463,803,3,0
2510,101,26,1
2112,803,5,0
6245,803,8,0
2789,161,3,0
1841,101,12,1
880,1400,42,1
1329,160,3,0
3716,1400,34,1
5248,1400,4,0
1277,1400,1,0
50,1400,27,1
6147,1400,14,0
6412,1400,1,0
1683,803,24,0
3676,403,13,0
364,1400,40,0
4241,1400,16,0
1240,803,36,0
6056,1400,16,0
4412,1400,56,0
1950,1400,10,0
5151,403,2,0
2670,1400,31,0
5754,1400,12,0
4751,403,9,0
5405,1400,4,0
1767,1400,4,0
574,1400,6,0
1406,803,5,0
1769,803,24,0
471,1400,14,0
749,1400,3,0
3721,161,1,0
640,160,7,0
288,1400,149,1
4111,50,12,1
2709,403,65,1
2306,1400,2,0
4016,55,2,0
2159,803,54,1
4281,1400,125,4
1560,161,4,0
5699,1400,37,0
6034,381,11,0
3866,803,13,0
4483,803,4,0
6009,1400,16,1
5039,1400,14,0
235,35,16,1
5362,803,19,0
3776,803,6,0
5789,1400,48,0
2063,1400,7,0
692,1400,48,0
2815,1400,4,0
1752,803,32,0
1864,1400,36,0
2052,1400,59,0
4950,1400,20,1
5684,1400,39,1
4440,1400,74,1
3431,803,6,0
352,1400,59,0
5289,1400,40,1
6188,5,22,2
4630,803,36,0
4677,1400,19,0
2303,93,20,0
1656,1400,11,0
4274,803,26,0
4140,59,40,0
3968,1400,3,1
6156,803,3,0
4736,53,33,0
5099,22,61,0
4875,1400,11,0
1536,403,2,0
1555,803,26,0
1741,191,7,0
223,1400,25,1
2355,1400,9,0
4942,381,20,0
1541,803,19,0
6530,160,10,0
1454,803,8,0
686,1400,2,0
6472,1400,6,0
2759,803,29,0
1088,1400,9,0
5453,1400,5,0
2399,403,16,3
6443,1400,4,0
1195,803,3,0
2078,1400,25,0
760,93,1,0
5705,803,14,0
2228,1400,40,0
5843,403,8,0
1542,1400,33,1
1658,1400,7,1
5276,1400,23,0
5084,803,17,0
4773,1400,20,0
340,101,17,0
2316,1400,8,0
29,1400,2,0
2627,1400,6,0
2219,1400,4,0
812,803,5,0
5819,803,25,0
3867,53,10,0
946,160,15,0
460,1400,13,0
5859,1400,13,0
5572,1400,2,0
3414,25,5,0
2022,1400,44,0
4319,1400,29,2
5487,1400,14,0
2868,1400,7,0
2199,803,28,0
5952,1400,21,0
4153,403,4,0
5295,35,261,2
3424,14,6,0
6018,308,1,0
1964,1400,27,1
6139,803,14,0
2688,803,18,0
4270,1400,10,0
2016,191,6,0
2350,1400,25,0
658,1400,4,0
5288,1400,1,0
3141,1400,5,0
2345,1400,5,0
540,1400,16,0
1925,59,65,0
4477,803,21,0
1425,1400,6,0
2168,803,23,0
300,1400,18,0
3991,161,1,0
3445,160,18,0
5689,803,44,0
3507,803,7,0
3706,160,2,0
848,403,1,0
6046,1400,16,0
30,803,24,0
3174,161,11,1
3049,1400,40,0
3762,803,5,0
5934,403,7,0
597,161,1,0
3583,803,5,0
5130,1400,12,0
970,803,6,0
3435,803,25,0
1881,1400,9,0
596,1400,3,0
1258,1400,20,0
3262,1400,4,0
980,803,4,0
4163,160,28,0
5102,1400,3,0
1136,803,27,0
1625,1400,8,0
2784,803,21,0
6432,191,7,0
196,1400,2,0
484,1400,14,0
951,59,40,0
120,1400,22,0
55,803,22,0
4065,803,6,0
241,1400,8,1
3579,803,10,0
4159,25,1,0
1939,160,1,0
5314,55,7,0
4750,111,11,1
1131,1400,79,1
2936,1400,9,0
4165,1400,5,0
1323,1400,5,0
5260,160,3,0
6465,5,66,5
2363,160,6,0
4729,803,5,0
175,803,5,0
4720,1400,29,0
3802,160,4,0
2714,1400,14,0
6074,1400,1,0
5450,803,7,0
5947,1400,17,0
5969,1400,12,0
1826,59,13,0
5104,403,276,21
3903,52,2,0
6297,1400,5,0
3382,1400,28,0
2720,1400,15,2
4810,1400,18,0
1863,803,2,0
2047,1400,3,0
2068,1400,8,0
5613,160,10,0
1372,160,40,0
633,803,7,0
3050,803,7,0
4955,803,12,0
1304,1400,6,0
4825,191,50,1
3644,1400,8,0
1467,803,7,0
328,803,9,0
1651,803,4,0
2203,56,183,7
5711,1400,1,0
5134,160,1,0
4730,56,5,1
1172,1400,11,0
3072,101,1,0
5116,1400,2,0
3413,1400,7,0
5899,803,33,0
5524,93,26,0
4475,1400,14,0
86,1400,9,0
4184,1400,15,0
6379,1400,1,0
3401,5,38,1
4285,160,3,0
5555,101,16,0
4513,1400,6,0
5573,1400,13,1
4142,1400,10,0
3277,1400,25,0
4840,803,27,0
4172,381,1,0
153,803,21,0
5468,35,38,0
5641,1400,2,0
561,803,4,0
4036,803,14,0
3411,1400,8,0
1532,1400,9,0
1655,1400,22,0
5658,403,1,0
1746,1400,3,0
5563,1400,23,0
1346,59,19,0
785,803,6,0
6146,1400,15,0
2781,1400,24,0
2621,1400,80,1
1684,1400,12,0
905,403,15,3
4059,1400,39,0
2540,803,29,0
4200,191,29,0
5694,1400,23,0
5908,1400,16,0
799,403,2,0
1811,803,7,0
5803,161,4,0
590,160,4,0
2679,1400,29,0
47,161,7,0
5392,803,5,0
2226,803,14,0
344,101,3,1
1775,160,5,0
4037,803,7,0
5173,403,36,3
518,1400,20,0
2352,803,15,0
1222,161,2,0
546,803,3,0
2766,1400,19,0
1983,52,37,1
6579,803,3,0
4047,1400,10,0
3119,1400,6,0
1860,803,23,0
1175,1400,24,0
5430,93,9,1
4040,1400,31,1
2954,1400,43,1
547,1400,12,0
6418,153,10,1
82,1400,18,0
335,1400,3,0
6570,59,627,0
5421,1400,3,0
1691,803,4,0
5153,803,17,0
1446,1400,3,0
1576,1400,2,0
3544,403,32,3
3798,1400,2,0
6332,1400,10,0
3713,403,19,0
4530,1400,4,0
3412,803,8,0
4653,1400,3,0
4521,1400,35,0
1255,34,18,0
5267,52,3,0
4925,161,1,0
3679,803,2,0
1632,1400,3,0
2569,101,25,4
2887,59,9,0
1885,803,30,0
4529,803,12,0
453,803,4,0
2620,59,16,0
5059,1400,3,0
4260,1400,35,2
2366,1400,7,0
5758,1400,11,0
2138,1400,9,0
5926,803,2,0
3954,1400,6,0
2145,1400,12,0
1879,1400,19,0
307,1400,6,0
6186,803,9,0
3670,1400,11,0
1146,1400,6,0
5461,803,4,0
140,1400,4,0
4035,403,3,0
182,59,15,0
3846,53,86,1
1127,803,5,0
2026,1400,19,0
2344,803,7,0
3243,53,21,2
5978,1400,1,0
6500,1400,12,0
927,803,2,0
861,161,3,0
4449,1400,32,0
5753,1400,33,0
4544,50,758,9
5724,1400,11,0
2810,403,2,0
2788,35,34,2
243,381,11,0
291,1400,24,0
5149,1400,21,0
5643,101,2,0
5164,3,11,0
1859,803,7,0
1897,160,3,0
4398,1400,2,0
6494,381,68,0
680,803,5,0
2158,803,4,0
4244,381,1,0
4325,1400,12,0
1914,1400,17,0
1226,50,186,5
2503,101,27,3
5875,381,18,1
255,59,44,0
2641,1400,1,0
5460,803,10,0
1427,161,6,0
3088,803,12,0
276,803,11,0
3553,53,27,0
3592,1400,3,0
2951,1400,9,0
507,1400,1,0
5281,803,5,0
5748,403,2,0
2105,381,2,0
3953,1400,12,1
2156,803,45,0
2942,803,16,0
1984,803,9,0
336,59,60,0
2433,101,3,0
1002,803,20,0
1076,161,4,0
1892,1,42,0
1886,1400,3,0
1021,1400,2,0
508,1400,8,0
4092,1400,1,0
1664,803,6,0
6419,1400,10,0
5263,1400,49,0
5904,1400,27,0
530,803,28,0
1799,1400,26,0
6264,803,6,0
2178,803,7,0
4000,803,2,0
2575,1400,10,0
4649,1400,34,0
2713,161,1,0
5666,93,20,0
1997,1400,5,0
351,101,8,1
2619,1400,5,0
1099,803,5,0
5381,803,12,0
374,1400,4,0
3152,1400,1,0
1267,30,450,2
4577,30,116,0
4170,29,385,0
5220,50,408,2
1214,308,11500,93
1578,5,25,0
489,87,20,0
3880,403,14,0
6037,1400,15,0
4415,30,150,0
462,42,370,15
6064,52,467,34
6374,29,126,0
5783,153,458,2
5424,403,138,6
5290,30,135,0
5821,30,171,0
1530,308,2681,18
6151,381,41,0
4595,15,129,0
5739,87,1029,1
1092,56,4476,63
356,56,872,2
600,30,16,0
3845,308,345,8
6198,56,1640,7
1020,153,459,4
1779,56,10,0
918,50,624,5
3484,14,44,0
3193,93,970,6
1058,93,769,7
2364,153,1207,7
4838,56,709,12
3705,14,14,0
5057,13,242,9
3603,13,169,5
1014,56,80,2
1081,101,62,1
482,153,29,0
2101,153,1266,17
373,78,30,0
1213,22,140,1
5188,93,311,5
1972,29,373,1
6083,15,44,0
1649,153,1909,34
2464,47,34,0
361,153,1198,11
2725,56,3264,51
974,1400,22,0
1351,111,226,2
3438,308,735,6
1432,50,191,3
3280,93,10,0
2229,37,725,9
5773,191,471,1
2584,29,369,0
2094,35,4671,273
2365,93,58,0
559,308,1993,8
2157,35,14,0
1332,50,629,0
4067,37,2097,35
6354,191,232,0
6483,803,5,0
3914,93,12,0
3675,42,476,1
1702,50,946,2
5101,381,29,1
1052,50,312,0
2142,52,489,19
4064,308,68,1
5965,22,40,0
3228,308,64,2
117,35,871,10
1802,30,83,0
5841,22,118,1
3734,78,103,2
4467,87,79,0
5872,87,53,0
3940,52,52,1
3956,22,107,0
6016,308,129,0
206,30,13,0
2164,153,153,2
4419,153,151,0
5696,153,76,0
4983,381,26,1
1284,1400,23,0
2957,153,30,0
3101,1400,3,0
5593,35,176,13
2803,93,77,0
6111,22,52,1
662,13,40,2
1318,30,104,0
5158,87,16,0
5782,403,244,5
5323,191,223,0
6194,191,374,0
3645,5,20,0
325,403,1,0
3287,1400,5,0
1744,13,11,2
5499,101,88,1
3058,153,517,1
5357,191,703,1
5849,29,158,0
6547,308,102,1
1681,87,59,0
1592,308,15,0
4110,42,347,29
423,308,45,0
4290,30,26,0
5198,153,111,0
2082,30,38,0
2194,87,42,2
2680,30,30,0
3291,93,18,1
1324,42,14,0
6521,87,44,0
3629,308,1,0
6435,93,131,0
3537,101,9,0
2401,7,138,0
2474,803,57,1
4953,41,24,1
5583,153,36,0
611,153,59,0
3889,403,58,1
517,191,284,0
569,5,23,0
2035,30,18,0
1193,381,27,0
1414,47,33,1
4562,22,1436,14
2853,5,18,0
2682,87,71,1
5024,56,115,3
1581,87,94,0
1801,93,104,0
2894,1400,5,0
2844,30,49,0
1287,87,68,0
723,93,9,0
5570,5,33,0
1330,29,112,0
6228,47,61,0
684,3,24,0
5810,308,8,1
5268,1400,4,0
5344,1400,9,0
2795,29,113,1
1602,29,114,0
932,308,2,0
2455,29,11,0
1093,191,13,0
392,403,4,0
6180,30,39,0
5800,191,73,0
5807,87,37,0
4191,29,41,0
4066,87,65,0
2294,87,23,0
5551,803,9,0
186,101,132,6
1689,87,21,0
853,35,828,60
913,403,15,0
5913,87,31,0
306,93,30,1
6334,87,18,0
4888,53,98,1
210,191,165,0
4083,93,14,0
3950,30,17,0
1911,35,34,3
5023,153,59,0
1289,30,51,0
3479,47,100,2
1663,87,26,0
4192,87,12,0
5873,308,18,0
3560,308,11,0
1751,1400,8,0
4718,381,23,0
407,35,134,4
2705,87,56,0
3455,35,106,3
2728,803,14,0
5341,803,19,0
5477,14,17,0
6382,6,15,0
3567,803,10,0
4249,5,25,1
2591,78,18,0
5334,101,2,0
551,52,83,1
3003,29,247,0
1586,1400,5,0
3434,35,20,2
1036,14,3,0
6171,191,9,0
1413,3,60,2
5301,78,10,0
3784,29,29,0
871,59,16,0
4866,78,78,1
4256,1400,43,1
190,381,30,2
5512,78,95,1
163,403,43,0
1740,30,13,0
3517,87,49,0
1778,6,8,0
873,93,11,0
1421,101,40,1
5112,308,27,2
544,403,18,0
609,403,42,1
929,111,75,1
4526,381,247,18
2215,101,9,0
2897,29,30,0
3800,93,117,1
2080,381,12,0
1823,308,6,0
835,87,65,0
4221,381,72,4
6563,308,2,1
3042,87,31,5
1361,30,7,0
5909,381,9,1
1600,153,31,0
3053,29,43,2
3668,153,22,0
4870,381,22,0
6400,1400,26,0
1169,41,25,3
5534,803,12,0
1804,87,60,0
1374,803,4,0
2024,78,19,0
1500,381,30,0
4780,93,95,6
4261,30,11,0
5857,381,40,0
371,101,31,0
1048,78,13,0
2196,6,2,0
3059,14,51,2
3660,101,22,0
5427,1400,45,1
5735,403,5,0
5494,1400,57,0
3142,93,7,0
4713,1400,13,0
4707,14,24,2
4706,47,26,0
1263,56,140,6
2916,153,67,2
451,87,49,0
3699,1400,17,0
914,803,15,0
605,381,16,1
806,101,12,1
3312,22,33,0
4877,15,127,0
4624,47,122,4
1910,87,48,0
5756,381,33,0
4104,1400,26,0
4496,403,10,0
616,25,5,1
3549,25,2,0
6582,1400,7,0
59,153,54,0
1544,1400,8,0
331,30,2,0
6484,5,26,0
87,1400,11,0
4946,403,4,0
5865,153,516,4
2606,29,34,0
2873,803,3,0
5286,7,60,0
1354,14,9,0
2036,403,17,0
4305,381,12,1
4212,87,47,0
2509,52,1,0
3601,78,11,0
4240,153,116,0
4904,381,9,0
347,308,8,0
1661,308,6,0
2811,803,4,0
767,87,19,0
5207,78,88,3
1848,191,40,0
359,381,11,0
2581,30,2,0
6506,50,41,0
4463,22,52,0
3658,403,3,0
4596,308,6,1
2053,403,11,0
4416,308,3,0
4980,78,12,0
1900,93,6,0
3460,87,26,0
3097,403,3,0
3984,42,9,0
1416,153,5,0
4803,1400,18,0
5680,87,13,0
5001,381,24,2
5846,381,16,0
6119,1400,8,0
2260,29,32,2
1191,381,43,0
5930,22,29,0
105,29,25,0
5535,35,19,0
2822,5,15,0
2391,381,26,3
278,29,409,2
6578,30,13,0
3481,160,4,0
904,153,6,1
6341,403,6,0
427,78,14,0
5454,403,23,0
883,50,25,1
250,50,17,1
3970,5,6,0
3240,30,10,0
6508,1400,25,0
6555,53,627,18
5272,1400,26,0
6103,93,38,0
3,381,15,0
3684,403,8,1
2009,30,1,0
5237,35,28,3
1807,403,8,0
3364,29,20,0
2329,1400,10,0
5546,35,60,1
3162,1400,13,0
1411,30,10,0
622,1400,13,0
2924,101,4,1
2167,101,10,0
2404,403,14,0
2292,803,6,0
1189,52,14,1
4717,30,10,0
524,308,5,0
2471,803,7,0
113,14,4,0
4972,59,13,0
2949,308,6,3
2177,1400,18,0
1956,803,5,0
3839,59,20,0
3559,29,140,0
1774,1400,12,0
2326,41,3,0
294,1400,24,0
1457,381,9,0
4372,1400,5,0
1535,381,28,1
3007,25,13,0
2978,24,45,0
2109,1400,4,0
3900,15,59,0
5602,803,15,0
3022,101,8,0
631,381,6,0
4349,1400,32,1
6261,1400,4,0
1111,803,2,0
1833,101,171,6
2424,87,5,0
588,1400,3,0
133,1400,42,0
794,1400,31,0
4874,1400,36,0
4779,29,218,6
2395,1400,2,0
3318,101,14,1
6562,403,3,0
5601,87,24,0
2812,50,10,0
4445,6,6,0
2249,101,10,0
988,35,9,0
3930,803,1,0
4435,403,10,0
782,403,13,0
1239,160,5,2
239,381,4,0
98,3,25,1
1730,803,3,0
5235,93,13,0
367,1400,8,0
5624,153,34,2
1336,308,1,0
1627,87,17,0
3255,1400,10,0
6495,30,3,0
6240,87,24,1
4790,59,15,0
2813,1400,35,0
1077,381,27,2
4728,42,11,0
2097,42,4,0
1288,308,1,0
268,59,17,0
1051,803,2,0
650,1400,17,0
2238,22,7,0
3477,381,4,0
1951,1400,12,0
703,1400,32,0
6556,1400,19,0
1669,803,3,0
4563,191,6,0
858,191,15,0
532,308,2,0
3616,803,2,0
1262,5,3,0
3123,50,37,1
2301,381,14,1
1501,803,10,0
906,403,11,1
4490,381,27,3
4263,381,9,0
3303,101,14,0
1481,1400,7,0
5709,381,4,0
1075,52,35,3
388,308,5,0
1097,1400,43,1
2559,1400,2,0
242,381,8,0
4352,1400,6,0
227,1400,8,0
3281,93,8,0
781,1400,6,1
5836,29,29,0
5878,1400,5,0
1868,191,24,1
2648,56,10,0
2430,403,6,0
1305,403,2,0
6161,403,11,0
1327,1400,6,0
2118,101,6,0
2468,52,29,0
2320,1400,5,0
1672,381,9,1
1720,803,3,0
1483,1400,24,0
2661,1400,12,1
6552,1400,14,0
1434,101,4,0
2371,803,6,0
2415,803,2,0
2104,403,1,0
5111,1400,27,0
2672,1400,17,0
4988,308,1,0
3179,1400,1,0
513,1400,1,0
5538,803,7,0
5863,191,1,0
483,803,2,0
2534,381,37,1
6001,803,13,0
6008,191,9,0
5578,14,20,0
2266,403,9,1
5437,803,3,1
4696,381,2,0
4711,101,11,0
1401,93,6,0
5206,50,12,0
3463,403,1,0
2084,1400,7,0
4253,87,4,0
991,30,8,0
3815,101,12,0
5210,29,136,1
3736,803,6,0
6105,111,39,0
4048,803,5,0
2727,1400,8,0
3500,803,3,0
5515,803,6,0
1699,50,962,6
2731,101,4,0
1574,87,16,0
5743,803,5,0
2498,29,32,0
81,37,13,1
1844,403,16,2
4350,87,23,0
6145,87,26,0
2692,803,5,0
3102,1400,6,0
1966,153,1,0
1184,1400,8,0
1430,1400,6,0
6560,1400,2,0
339,53,19,3
3820,803,5,0
3370,403,8,2
1819,803,4,0
1785,41,1,0
2877,803,3,0
1962,403,1,0
3180,14,9,0
220,50,966,25
4082,1400,6,0
3485,403,11,2
33,1400,7,0
1895,1400,6,0
2953,1400,13,0
4594,87,5,0
748,381,4,0
3907,1400,7,0
4811,803,6,0
3086,803,2,0
4932,381,6,0
2923,1400,3,0
6287,29,6,0
5128,1400,7,0
4601,381,6,0
4476,1400,1,0
5480,1400,6,1
308,803,23,0
2778,1400,3,0
3136,1400,14,0
5737,1400,12,0
738,1400,5,0
6426,1400,20,0
6554,87,6,0
4486,403,1,0
1834,93,10,1
3646,381,1,0
3047,1400,19,0
2613,1400,25,0
1369,1400,37,0
1566,1400,6,0
2449,1400,5,0
2777,803,4,0
908,191,3,0
2393,1400,5,0
5375,101,1,0
5292,30,1,0
1780,1400,15,0
5771,153,1,0
3886,803,5,0
2001,803,8,0
1211,381,1,0
3944,53,1347,11
6265,803,4,0
2447,101,3,0
2614,1400,26,0
5571,1400,10,0
1325,87,2,0
3451,403,9,2
5069,25,37,0
3091,803,4,0
1660,53,25,1
6095,191,2,0
625,1400,5,0
5560,803,3,0
4880,803,4,0
5848,56,3,0
5780,101,2,0
5337,191,1,0
5004,56,176,7
805,803,5,0
3661,1400,11,0
4612,381,4,0
1538,403,5,0
5541,1400,20,0
5907,1400,26,1
3096,101,1,0
1023,1400,2,0
4346,29,131,2
124,803,4,0
1199,160,3,0
1893,1400,15,0
3076,1400,9,0
6417,87,7,0
2045,1400,6,0
1716,29,27,0
713,803,8,0
209,1400,8,0
5413,1400,8,0
502,1400,14,0
2171,1400,1,0
1147,22,2,0
614,1400,12,0
1695,87,1,0
6303,153,1,0
3209,6,3,0
3252,403,1,0
4161,87,1,1
4579,1400,19,0
3225,1400,1,0
671,403,2,0
6503,403,2,0
3168,53,1,0
2181,41,1,0
436,101,21,1
5990,403,9,1
4936,1400,10,0
52,6,1,0
1989,1400,10,0
5627,803,3,0
5443,403,3,0
5693,47,2308,64
2161,191,1758,3
5328,803,236,0
5604,803,566,0
6306,78,6921,111
4793,191,4232,14
4633,42,1480,98
2042,803,1782,0
3717,78,1180,91
431,803,708,0
1408,803,767,0
1894,403,154,4
5554,403,15,2
3068,35,445,6
315,93,276,7
2990,803,175,0
4217,78,625,44
2631,35,699,3
3220,803,1231,0
3069,78,9688,586
5155,803,1678,0
1370,803,426,0
2604,193,194,0
1031,803,1634,0
5071,803,1623,0
2809,42,1701,81
4788,803,1976,0
6226,803,1555,0
6196,42,804,15
5621,42,572,12
1087,191,1424,4
1776,191,599,2
6211,42,15,2
5932,403,10,0
1333,403,15,0
5727,403,19,0
4337,78,1046,7
1407,193,387,2
2012,381,1655,63
3826,193,28,0
3838,15,213,0
2960,403,116,5
2321,101,481,42
4547,101,14,0
2481,37,41,0
846,403,384,6
417,101,40,4
4826,193,255,3
3333,403,21,0
921,35,1872,28
617,403,41,0
2295,191,346,0
5556,11,96,0
5951,403,97,3
677,403,5,0
2413,193,16,0
940,191,642,3
6456,403,52,0
6101,403,45,3
225,803,2706,0
4647,193,38,0
2173,803,4377,0
1960,193,735,2
2525,29,1652,166
1158,803,383,0
2694,101,26,0
3575,191,1154,4
3752,381,439,8
2450,17,2135,112
4187,381,463,10
5888,403,33,1
2487,42,598,61
2843,403,113,0
6268,78,41,0
286,191,627,2
6157,11,63,0
3026,403,49,0
2436,403,3,0
725,403,212,6
5400,4,3381,285
2099,12,61,0
1431,101,44,0
221,191,85,1
6176,803,231,0
2185,101,3,1
5234,803,1106,0
219,803,289,0
2635,381,1752,99
1230,803,987,0
576,193,36,0
4307,308,354,20
3339,803,78,0
6413,50,703,2
3017,803,836,0
6368,803,564,0
4166,160,3,0
1545,45,15,0
5506,803,825,0
1985,803,94,0
6165,381,1784,54
948,803,832,0
5495,803,614,0
4548,403,57,0
2922,78,678,52
2250,78,214,11
5486,153,317,3
1654,153,18,0
4569,4,109,18
6107,78,974,56
3588,191,2016,3
281,191,296,0
1429,403,26,1
3464,403,195,3
1957,15,48,0
2324,403,70,1
3961,37,51,3
5544,803,189,0
6133,403,12,0
160,803,557,0
1503,193,149,0
2383,35,690,5
3542,47,25,0
4827,35,47,1
4933,24,358,0
3203,403,123,5
3924,45,50,2
68,403,35,0
2786,803,72,0
3791,193,224,0
3126,13,924,27
2732,29,40,0
6509,78,960,1
4078,381,13,2
2466,403,9,0
5970,803,536,0
6340,308,504,19
3964,101,59,0
2486,803,31,0
4093,52,213,6
459,193,57,0
4335,803,694,0
1817,153,30,0
3377,803,667,0
4753,803,1027,0
3274,50,220,2
192,42,395,16
2633,52,261,12
5911,403,41,0
1438,14,165,8
487,101,7,0
5354,191,606,3
797,193,53,0
6166,403,14,0
4752,403,58,1
2774,24,7,0
2987,37,57,4
5842,403,5,0
3023,101,16,1
867,191,474,1
3917,803,98,0
1696,403,16,0
3551,193,3,0
4684,101,1541,21
5685,403,3,0
818,78,31,1
1940,2,37,1
3878,403,64,1
3140,403,94,1
5132,24,36,0
2452,381,10,0
5716,47,21,0
6507,403,77,0
2524,803,694,0
4280,803,164,0
4852,803,391,0
707,153,25,0
6564,308,27,6
3828,803,401,0
5957,403,29,1
448,50,761,1
2390,101,1060,6
5380,193,138,0
2230,803,94,0
76,803,959,0
3879,42,152,6
2646,803,51,0
3429,1400,36,0
1836,403,6,2
1012,160,6,0
3360,403,58,0
4634,403,13,0
5359,803,158,0
1478,41,14,0
6315,191,524,17
4572,403,9,1
2517,101,2,0
3635,403,17,0
4403,381,43,6
4646,403,14,1
3380,381,18,0
5312,13,698,20
3354,403,48,1
3540,7,85,8
122,153,80,5
996,803,18,0
6381,803,536,0
3814,37,124,13
1252,403,4,0
3127,803,214,0
6540,803,96,0
2622,803,1056,0
3092,803,56,0
2945,45,19,0
1490,403,4,0
149,381,8,1
4264,193,30,0
2577,37,33,0
4570,403,66,0
1126,153,13,0
1818,47,45,0
2748,101,23,0
2004,29,150,2
4216,803,55,0
3831,403,5,0
945,803,68,0
1293,4,1142,92
5335,803,228,0
4791,308,311,20
2172,101,440,1
3268,45,168,0
2874,803,49,0
3456,403,42,0
5185,11,146,0
3253,42,183,7
5349,193,35,0
2149,101,21,0
6202,34,569,19
2607,403,26,1
4884,52,97,4
564,101,26,1
57,101,6,2
314,381,30,1
2929,56,23,2
3256,27,122,0
6473,803,99,0
2585,803,224,0
5386,803,238,0
3248,803,242,0
6231,403,38,0
922,101,3,0
2846,403,82,0
3939,403,18,1
3129,14,148,2
5009,193,128,2
2931,52,17,0
2243,803,307,0
3379,153,9,0
1468,403,10,0
6481,191,178,1
1717,153,22,0
778,8,616,89
5938,93,235,3
3741,93,41,2
2650,803,796,0
1723,803,16,0
4259,403,5,0
2785,803,265,0
4461,381,17,0
3505,37,72,0
6014,101,2,0
2209,12,44,1
839,52,314,10
2697,35,189,4
4099,381,43,1
3562,381,102,4
824,381,10,1
6208,27,543,2
3302,381,652,11
2533,403,77,2
5048,45,5,0
212,50,587,3
406,101,3,0
2878,101,6,0
6092,803,239,0
3372,308,64,3
5925,803,150,0
2971,803,94,0
2473,803,130,0
4905,403,10,0
2556,803,1035,0
3214,78,145,2
4135,45,42,0
6167,29,6,0
5784,160,2,0
320,101,16,1
3989,803,79,0
2129,803,397,0
5051,308,61,7
4293,24,72,0
5275,14,16,0
4702,41,17,3
4096,403,35,1
1842,37,47,5
31,37,16,0
4939,47,178,3
2069,803,220,0
1783,14,55,0
3271,803,116,0
2092,191,87,0
4639,803,45,0
5612,803,82,0
77,803,186,0
4380,803,28,0
3315,803,223,0
6441,803,175,0
2927,803,26,0
947,308,70,0
6313,803,34,0
3185,803,90,0
3034,403,43,1
710,381,14,0
2076,403,11,1
1569,12,15,0
950,403,37,1
2169,403,2,0
5831,381,40,4
5988,42,76,3
1529,193,29,0
5092,101,18,1
6200,308,28,6
4014,47,1020,22
1159,381,80,7
1770,803,184,0
666,803,384,0
5230,403,22,0
3615,78,36,0
3833,160,4,0
5388,101,75,3
941,24,112,0
5900,78,477,3
4679,803,205,0
2136,403,9,1
1233,101,107,1
5883,45,54,1
6276,191,8,0
3663,381,119,13
1519,153,1,0
6460,803,87,0
2914,193,9,0
1915,803,73,0
5714,403,23,0
3909,403,62,1
4816,403,16,1
4574,308,23,3
3960,803,181,0
4741,27,261,1
5032,803,18,0
5993,381,16,2
4318,381,10,1
4930,160,1,0
4864,101,5,0
5482,403,18,1
5502,160,6,0
2148,191,7,0
6143,803,189,0
3681,14,45,2
3089,803,153,0
2695,803,34,0
5640,803,56,0
4921,803,43,0
6257,191,196,3
2123,160,4,0
875,403,12,1
4860,193,76,0
6505,403,8,0
4541,47,121,1
3459,78,36,0
4315,160,1,0
191,45,79,0
5219,160,3,0
3841,193,10,0
649,403,46,0
5302,403,8,1
3207,403,6,0
3044,403,45,3
5022,42,277,23
3766,803,92,0
2254,37,14,0
4086,37,283,10
6433,403,22,0
5435,45,144,0
2972,381,18,3
6462,803,99,0
5885,193,76,0
3591,403,21,1
2262,193,8,0
3120,381,80,1
1869,191,35,0
4179,160,2,0
1123,403,12,2
6395,381,119,5
788,803,86,0
6229,50,21,0
3694,160,5,0
4603,308,329,18
3972,403,5,1
1959,101,494,0
3608,17,12,0
5077,381,109,9
3895,42,39,0
6024,803,106,0
3111,160,4,0
1603,403,12,0
5672,308,9,4
4478,12,9,0
4495,803,63,0
3383,50,27,0
5205,403,5,0
5401,56,3,1
4587,50,25,0
1607,3,57,0
4392,1400,7,0
2515,93,53,6
810,403,12,0
3643,101,3,0
1130,12,13,0
1292,42,67,3
808,193,17,0
3768,35,16,0
4615,403,18,0
3842,803,62,0
2919,381,369,3
563,381,34,0
6135,803,38,0
3512,153,20,0
4617,403,8,1
357,403,8,0
6249,381,13,2
4173,403,2,0
424,403,16,0
6054,160,4,1
1477,29,25,0
3928,27,26,1
3219,403,5,0
3234,803,63,0
6308,403,18,1
2835,101,3,0
318,403,10,2
504,803,68,0
341,101,2,0
672,12,10,0
2349,803,188,0
4026,803,23,0
5958,403,14,1
2314,803,30,0
4167,101,8,0
6294,193,25,0
5303,42,23,0
3028,41,19,1
3138,101,2,1
2647,803,37,0
4196,803,36,0
4683,803,24,0
3216,34,25,0
1053,403,28,0
3506,17,3,0
5414,381,24,0
75,160,2,0
108,45,52,0
2496,193,54,0
372,308,6,0
2885,403,5,0
2072,11,29,0
3908,803,31,0
696,403,8,1
1037,101,25,1
4424,403,9,0
5034,45,42,0
5650,153,13,0
6164,308,6,0
4835,160,3,0
1913,193,9,0
1889,308,130,8
3525,4,25,3
1992,403,3,0
4492,47,54,0
1724,12,13,0
2538,381,9,0
2348,803,27,0
595,101,20,0
1521,56,13,1
6152,42,125,5
2838,803,29,0
4523,803,48,0
4623,803,16,0
3030,803,122,0
156,803,65,0
2955,35,15,6
790,101,6,1
3843,101,2,0
5722,403,2,0
2359,160,1,0
1591,381,132,2
253,403,3,0
2492,37,5,0
4238,403,5,1
6376,50,43,0
5376,803,53,0
104,803,22,0
2184,403,6,1
4970,381,15,0
1102,403,10,0
5249,101,6,1
4638,803,67,0
1122,153,1,0
735,803,59,0
8,56,4,1
525,403,13,0
4245,37,1,0
3835,403,6,0
2715,37,21,0
632,191,6,0
3145,193,48,0
4189,101,8,0
6254,381,4,0
4030,803,41,0
2767,56,13,1
847,403,28,0
965,37,46,7
1022,381,101,0
3175,381,6,0
3613,803,24,0
1522,308,15,0
6318,403,3,0
2624,381,54,4
667,29,47,0
6019,403,5,1
4532,37,11,1
5278,160,2,0
4223,160,3,0
5824,29,41,0
2821,47,125,1
2435,50,47,0
881,37,4,1
3753,381,25,3
5845,37,14,1
5191,193,3,0
6093,35,27,8
3786,381,24,3
2046,47,59,0
1523,160,2,0
3019,403,2,0
2946,25,5,0
3474,803,43,0
5576,381,2,1
4124,803,87,0
3628,403,4,0
1116,403,4,0
1250,41,122,2
6168,27,122,0
3002,101,7,0
1878,160,1,0
6288,381,25,1
1908,160,1,0
3275,403,3,0
1353,403,7,0
2676,12,6,0
4907,41,71,3
2511,160,2,0
1690,101,2,0
1485,308,24,5
1596,50,52,0
6089,42,3,0
4659,803,38,0
6425,803,28,0
3437,803,75,0
6003,160,3,0
5744,12,10,0
986,803,14,0
5745,803,35,0
5107,160,1,0
3067,193,21,0
2532,101,1,0
3707,403,3,0
3749,403,3,0
2543,381,7,2
3832,12,6,0
4964,29,3,0
5614,308,32,12
3217,101,12,2
1917,101,1,0
1313,160,3,0
1072,4,111,3
6233,41,33,0
2616,403,3,0
5136,403,1,0
3723,403,26,2
6206,45,87,3
154,403,14,1
4390,53,213,2
473,403,2,0
432,59,15,0
3709,52,85,2
2096,403,2,0
3840,803,22,0
1554,381,11,0
1385,52,30,1
5199,4,5,0
2485,2,11,7
4175,803,34,0
4575,381,24,1
4849,403,8,1
131,403,24,4
3198,403,3,0
2721,41,58,1
1808,403,26,1
5840,160,4,0
4512,160,3,0
4918,101,4,0
1164,381,2,1
6071,381,12,0
868,101,6,0
5729,37,2,0
3043,803,37,0
5315,191,6,0
3153,160,4,0
893,101,2,0
4662,381,28,2
4472,14,3,0
1748,403,7,0
6040,93,19,0
5411,403,2,1
5954,403,14,0
362,41,36,1
1552,160,1,0
2070,403,1,0
1890,803,18,0
3781,101,232,13
3596,27,25,0
3201,29,4,0
5558,308,30,8
4772,101,3,0
4636,101,4,1
4873,101,20,1
4313,42,25,4
5700,59,9,0
6301,403,5,0
1567,12,8,0
816,29,12,0
6253,50,23,0
3106,27,44,0
2782,42,18,1
4414,101,7,0
4926,153,2,0
4560,160,4,0
6386,803,27,0
5195,160,1,0
2984,191,3,0
3319,803,60,0
2378,101,29,1
4288,160,2,0
2385,101,3,0
4341,191,29,0
3873,160,3,0
3493,101,3,0
67,803,109,0
2637,160,1,0
1312,29,2,0
4145,803,53,0
4023,191,15,1
1888,308,24,2
420,403,1,0
2719,27,133,0
409,803,25,0
5826,12,5,0
2956,803,37,0
2507,403,9,1
859,101,1,0
1179,403,2,1
691,803,13,0
1759,803,20,0
6259,101,1,0
4938,101,4,0
6410,803,63,0
5922,803,18,0
2792,59,20,0
2308,803,20,0
6339,803,14,0
1138,803,51,0
3346,101,4,0
6513,101,7,0
4695,403,1,0
5697,403,9,0
1218,101,15,1
5629,803,81,0
4915,37,1,0
5972,52,2,0
5520,29,23,0
3547,803,16,0
2948,160,1,0
2952,45,3,1
6221,160,2,0
604,45,3,0
3975,101,1,0
6260,381,5,0
4408,45,1,0
3881,50,14,0
6486,29,3,0
2059,403,1,0
1352,803,20,0
1595,101,2,0
4243,403,1,0
89,803,96,0
3229,403,3,0
620,35,37,0
2369,160,1,0
2546,160,1,0
3534,45,1,0
3428,803,61,0
5233,41,36,1
5070,27,8,0
2465,160,1,0
2775,50,16,1
2667,403,12,1
2210,42,25,1
747,93,31,1
4949,4,5,0
6116,403,3,0
4466,381,20,0
245,403,12,0
6408,45,30,3
2617,193,4,0
1710,160,1,0
5481,308,47,3
5851,37,1,0
4252,403,2,0
2665,160,1,0
1422,308,7,1
4839,3,4,0
348,160,1,0
287,381,9,0
5566,37,2,0
1488,101,21,0
2495,803,126,0
1168,160,2,0
1647,403,1,0
2745,381,7,0
4018,191,5,0
550,193,1,0
4219,45,4,0
2448,160,1,0
5809,403,1,0
1904,403,1,0
716,308,9,1
1356,25,19,1
3509,45,9,1
4809,101,1,0
2273,101,10,0
6099,191,4,0
5587,308,8,2
675,803,12,0
2921,93,9,0
5113,803,20,0
2908,191,4,0
2048,160,1,0
3462,101,8,0
3726,37,10,0
2940,37,7,1
3204,160,1,0
1572,1,859,32
5820,193,11,0
4442,161,16,0
851,403,13,0
1791,403,17,0
3883,47,131,4
3700,308,7,0
454,78,40,0
1789,78,828,2
3772,47,57,2
5262,78,95,0
5466,28,5,0
548,308,9,0
363,381,9,0
5710,381,30,0
512,78,31,0
38,308,158,3
282,403,145,2
5605,93,254,7
2565,47,172,3
2066,11,28,0
6022,78,54,0
2361,78,742,7
6275,193,54,0
1405,381,39,1
5552,78,113,1
3949,78,216,1
3128,78,31,0
2108,308,1,0
3425,381,6,0
1350,78,91,1
1140,1400,4,0
6050,7,33,1
5139,78,22,0
6348,308,53,1
360,308,99,2
3727,47,84,5
3131,78,19,1
6353,78,603,14
2077,403,6,0
6574,403,20,1
500,78,32,0
4232,308,10,0
2734,1400,23,0
1201,193,5,0
942,78,105,0
5068,93,53,2
2558,93,78,0
1922,308,18,1
4314,93,92,1
3166,403,1,0
3181,101,9,2
5896,78,29,0
6125,78,11,0
1905,93,96,1
983,403,20,0
1852,24,51,0
987,193,213,0
332,28,13,0
1139,78,9,0
4034,11,16,0
5864,191,72,1
5919,78,27,0
2396,403,106,2
3712,403,48,2
1703,381,205,6
528,78,83,2
3158,403,5,0
6350,403,42,0
1694,11,27,0
5416,78,36,0
4966,28,9,0
5094,308,16,0
472,803,189,0
5881,403,8,0
6048,193,329,4
3782,403,14,1
1919,47,40,0
61,381,44,0
3301,47,36,0
2827,93,99,2
1391,78,16,0
1601,25,12,1
97,403,13,1
1497,381,18,0
1108,403,1,0
3521,101,17,0
995,403,1,0
2564,403,23,2
3149,403,36,3
44,56,9,0
763,11,11,0
4556,24,26,0
3045,17,478,9
1316,381,17,0
1182,803,3,0
1320,381,80,4
1800,381,8,0
6482,403,24,1
1777,78,10,0
5887,35,19,5
10,193,11,0
5531,803,114,0
3176,17,38,1
3146,17,20,3
3527,193,112,1
5013,78,8,0
3135,1400,25,0
3016,56,17,0
3469,403,56,0
5082,308,18,3
1968,1400,24,1
5075,50,26,0
5608,56,13,1
2593,803,22,0
189,50,60,0
4767,41,3,1
446,403,2,0
2351,308,9,1
2831,41,7,0
6073,308,11,0
4908,193,6,0
753,17,13,0
5595,403,2,0
4087,1400,3,0
6524,1400,9,0
1167,193,134,2
4338,1400,21,0
1024,101,2,0
1387,193,16,0
3390,403,9,1
717,308,12,1
4178,29,39,1
4813,45,5,1
4886,78,16,0
2730,78,14,0
6120,308,9,0
4434,403,1,0
4516,193,8,0
4823,1400,15,0
6169,381,4,0
3340,161,5,0
5806,1400,9,0
5995,803,25,0
2508,78,7,0
112,403,7,0
2959,161,14,0
3332,1400,14,0
6118,193,47,0
3599,308,6,1
6170,1400,3,0
3011,28,4,0
3799,193,4,0
2549,381,13,3
4947,193,387,1
2034,403,2,1
3847,28,5,0
571,403,3,0
5383,403,5,0
118,161,11,0
4158,28,2,0
5203,1400,4,0
269,56,7,0
4384,28,7,0
1261,101,30,3
1754,5,7,0
4101,403,9,0
3777,41,6,2
6144,28,1,0
4123,1400,9,0
2891,193,3,0
739,803,302,0
3404,52,9,0
651,78,3,0
5221,381,2,0
5017,193,5,0
4867,28,18,0
5625,308,1,0
5921,403,1,0
3295,803,34,0
821,193,6,0
6446,308,2,1
4127,193,4,0
16,403,3,0
4924,381,15,0
2758,308,6,0
610,403,5,0
575,101,4,0
3387,403,11,1
6112,381,7,0
998,403,3,0
3048,1400,12,0
3951,403,1,1
257,28,1,0
3627,403,60,0
6516,308,2,0
4626,308,25,0
2025,308,1,0
5674,28,1,0
5169,1400,4,0
6124,193,95,1
5637,403,3,1
296,193,6,1
4504,308,3,0
3687,403,2,0
3331,1400,11,0
2165,1400,14,0
3247,308,1,1
6134,308,4,0
2128,308,6,0
6438,803,13,0
1463,308,1,0
5060,803,24,0
2405,193,7,0
6322,28,1,0
2276,403,2,0
2657,381,1,0
231,803,79,0
2269,403,4,0
1813,1400,10,0
1266,1400,7,0
5944,403,7,0
1539,193,2,0
3789,193,1,0
4355,381,2,0
1243,403,2,0
6130,308,6,2
5115,1400,15,0
3607,101,3,1
5752,803,30,0
4497,803,35,0
3853,29,58,0
5015,1400,3,0
2710,308,4,0
3743,101,37,0
5160,1400,10,0
4564,803,44,0
3829,50,10,0
1707,101,27,1
3061,803,11,0
3858,803,77,0
5568,45,10,0
6461,101,11,1
582,403,2,0
1334,193,51,0
3995,50,13,1
3955,1400,1,0
1547,28,1,0
4661,1400,8,0
5119,193,3,0
5441,41,2,1
2798,191,6,0
3634,193,50,0
2400,78,1,0
3208,403,1,0
1415,1400,8,0
6150,403,1,0
6187,403,1,0
1937,803,80,0
4644,308,1,0
3528,50,28,0
5582,403,2,0
3373,403,2,0
1476,28,1,0
6565,1400,14,0
2666,37,9,1
1624,50,8,0
1563,193,1,0
4362,1400,10,0
1474,161,1,0
6205,403,6,1
4195,403,1,0
3498,1400,7,0
4174,45,1,0
719,101,20,0
1995,308,6,1
3099,193,1,0
3205,101,2,0
5353,403,3,0
534,803,19,0
3871,193,2829,15
1824,193,158,4
3620,193,198,1
5389,193,225,0
1101,308,1148,7
644,193,214,3
3677,193,204,1
1831,193,98,2
2824,193,94,0
1148,193,2987,21
3151,160,675,37
1704,193,2966,30
3926,193,244,3
2309,193,503,12
6291,193,193,1
1257,48,41,0
6247,193,161,2
4367,193,42,1
1404,193,160,2
3031,193,194,2
1145,193,196,1
4356,193,88,1
1360,74,61,0
5497,308,4198,29
4822,87,29,0
2655,193,223,1
1283,193,230,2
4627,193,158,4
5950,193,634,26
3885,193,307,8
3824,193,648,14
3690,193,2855,21
1700,193,206,0
5507,48,7,0
5678,193,83,0
1498,193,41,0
2899,193,198,1
6528,1400,2,0
46,193,201,1
4421,74,289,4
3797,153,5,0
2741,74,304,10
2380,193,42,0
6236,74,4,0
587,56,77,1
11,191,690,0
321,191,225,0
5813,74,132,1
1975,87,30,1
3502,193,226,2
3116,193,44,1
2216,48,74,0
3683,193,557,16
5874,193,41,0
813,48,21,0
5838,193,216,1
266,48,107,0
434,193,217,0
5562,193,214,1
2086,193,217,1
928,193,34,0
1902,193,233,1
734,193,204,0
601,193,143,0
934,193,101,4
1491,308,437,3
6299,193,216,1
1163,193,73,2
538,193,79,0
4279,7,562,1
2514,193,41,0
452,193,104,2
3992,48,61,0
1932,308,29,0
4006,193,229,1
1594,193,131,3
2220,193,111,4
2909,193,173,0
5929,308,77,1
4410,193,199,1
4147,7,275,2
2389,193,118,2
15,193,80,3
2241,193,220,0
4371,193,122,1
4743,193,67,0
5145,193,202,4
157,193,220,1
834,193,213,1
1086,193,146,4
4257,193,466,9
2189,193,186,1
4464,193,84,0
402,193,74,1
3405,193,94,6
1896,193,155,1
5652,193,62,1
3695,193,101,1
5522,193,228,4
5058,193,200,2
6090,193,359,4
2441,193,65,0
265,193,133,0
2941,193,69,0
558,193,221,0
233,193,122,1
641,193,186,1
238,193,218,2
5902,193,171,3
5858,48,160,0
3454,193,34,0
4137,48,143,0
4275,193,3,0
3609,48,153,0
5581,193,85,2
2673,87,20,0
5423,74,5,1
4744,193,199,5
1739,74,3,0
499,193,207,1
6451,13,65,1
4967,191,139,0
1565,47,7,0
5647,193,104,1
4469,193,206,1
6489,193,187,2
2140,74,35,1
3590,193,107,1
2493,48,122,0
2979,193,207,1
2288,193,64,1
2686,193,35,0
2445,56,66,2
2689,193,216,0
3803,193,208,2
4712,74,33,1
3636,193,193,1
2854,193,34,1
6311,193,205,1
2038,193,103,2
6250,193,207,0
43,193,229,1
2480,74,50,0
3637,193,38,1
5255,193,103,2
5459,193,202,1
3947,193,72,0
4951,193,217,0
627,193,206,1
3718,193,102,0
5429,308,208,3
2491,193,37,0
5516,87,35,2
4068,193,232,7
6535,193,41,0
4339,193,67,0
2962,193,204,1
4085,48,9,0
4320,193,68,0
1562,74,37,4
5987,13,43,1
6258,48,139,0
4327,193,191,0
3488,48,31,0
1781,48,104,0
4054,87,34,0
5527,193,192,0
2135,87,61,0
1611,56,6,0
6053,193,32,0
1156,193,134,2
4631,193,36,1
4929,308,15,1
6190,193,31,0
5607,193,198,1
5539,193,57,1
5918,7,236,0
4139,193,36,1
5257,193,73,0
1718,48,23,0
2961,193,91,0
1528,48,60,0
228,74,113,4
1909,193,26,2
1849,48,11,0
2206,74,8,0
1443,193,116,4
4426,87,67,0
4269,193,67,0
3074,193,85,1
4115,193,87,1
1806,193,58,0
25,193,30,0
5632,193,98,0
1662,74,5,0
3242,193,220,2
4134,193,34,0
1926,193,39,0
6062,193,42,0
826,193,208,3
5901,193,107,1
1812,193,39,0
1978,74,8,3
234,74,10,0
2733,193,85,2
5761,87,32,0
5847,87,24,0
1154,87,17,0
1755,74,8,0
6493,56,35,1
4309,193,25,1
167,193,31,0
20,193,88,0
1732,193,31,0
476,193,96,1
4588,308,69,6
3471,74,1,0
2201,87,28,0
2958,193,81,0
1301,193,65,0
971,87,19,0
4329,308,91,0
3160,193,98,1
1418,193,60,1
5923,87,19,1
6407,101,6,0
4185,13,54,2
4508,48,5,0
19,74,26,3
774,193,23,0
244,193,37,1
3728,193,32,0
6069,1400,1,0
3623,1400,4,0
2459,193,30,0
1149,87,42,0
3980,193,33,0
1840,308,43,0
5916,47,47,0
1441,6,32,0
1749,193,32,1
5959,193,110,1
1210,193,71,0
4996,193,29,0
495,93,20,2
3689,403,8,0
1772,4,9,0
1112,4,28,0
4411,74,21,0
2753,381,4,0
5371,101,26,0
3823,193,58,0
4629,93,37,0
5088,1400,7,0
2310,193,71,1
185,403,1,0
646,308,12,0
1969,74,28,2
5776,193,26,0
4171,193,71,0
6072,193,41,0
3173,193,55,0
668,193,31,0
2437,4,23,0
1640,193,41,1
2595,193,33,0
1348,193,70,2
4343,48,47,0
4943,193,37,0
3929,48,32,0
3902,74,3,0
4555,1400,30,0
2882,193,34,1
2677,87,30,0
3837,101,16,0
478,56,27,1
3859,193,51,0
2856,193,28,0
2820,48,6,0
2018,48,8,0
624,193,65,1
4837,381,1,1
5011,1400,7,0
3098,74,13,0
954,48,8,0
549,48,14,0
4804,4,37,0
397,48,13,0
1124,48,7,0
3348,101,1,0
6525,1400,15,0
6109,193,5,0
4986,47,9,0
2217,193,13,0
5802,1400,5,0
2900,74,9,0
724,193,4,0
4828,193,35,1
2625,74,7,1
6078,308,10,0
1079,1400,5,0
2414,48,54,0
5045,403,4,0
3386,74,3,0
2579,48,12,0
514,22,3,0
5719,101,4,0
4651,87,9,0
5725,193,35,0
2769,87,3,0
3325,17,1,0
4531,87,3,0
4714,193,2,0
3519,193,8,0
6558,193,6,0
2116,1400,5,0
4072,1400,1,0
5096,74,1,1
5409,308,6,0
4708,52,11,2
4784,1400,2,0
3082,74,6,0
3399,193,60,0
1225,308,23,0
2605,48,8,0
5108,193,5,0
2031,74,4,0
5089,1400,1,0
6453,48,14,0
2297,193,6,0
4609,87,1,0
1365,48,4,0
912,87,4,0
4089,381,7,0
911,74,1,0
387,48,9,0
5483,1400,8,0
2298,101,4,0
463,1400,1,0
129,101,9,0
2999,1400,12,0
3711,403,3,1
1676,48,4,0
6405,193,7,0
441,74,1,0
5432,308,4,0
4748,193,8,0
4545,1400,12,0
4272,41,5,0
1955,101,6,0
5306,74,4,0
1652,87,1,0
3698,56,2,0
4500,1400,8,0
5741,153,1,0
1466,403,1,0
3200,1400,1,0
4931,381,2,0
358,1400,4,0
2985,74,3,0
2615,193,3,0
1286,193,4,0
1557,87,13,0
6214,101,3,0
2977,193,6,0
1623,74,4,0
2848,74,1,0
1269,1400,5,0
3466,1400,3,0
4716,25,2,0
3888,1400,6,0
2928,1400,7,0
4194,403,1,0
3619,193,1,0
1862,74,5,0
3702,1400,5,0
1377,5,13,0
310,403,1,0
4808,74,3,0
2251,1400,5,0
3246,1400,14,0
4055,87,3,0
5549,1400,9,0
5785,56,1,0
4995,403,1,0
3997,1400,6,0
4071,381,5,0
2994,308,1,0
5521,403,5,0
5977,403,1,0
5239,101,2,0
1986,5,11,1
5966,87,2,0
5197,1400,4,0
5882,1400,7,0
1714,87,2,0
855,1400,2,0
5,1400,7,0
3357,25,5,0
1721,87,3,0
3730,1400,10,0
4427,1400,8,0
4797,403,1,0
6097,74,1,0
3987,74,1,0
5319,87,1,0
3202,74,1,0
2640,403,1,0
1949,308,5,0
1398,1400,9,0
90,1400,2,0
4759,160,1,0
3589,59,18,0
1729,403,1,0
2027,56,10,0
2986,25,8,0
4326,41,1,0
6210,56,1,0
3159,1400,5,0
5788,59,4,0
1436,191,1,0
3773,403,1,0
5983,59,9,0
6203,1400,4,0
2926,59,3,0
6172,403,1,0
572,74,1,0
2505,1400,2,0
2278,403,1,0
2716,74,2,0
6204,48,3,0
2526,403,1,0
1587,160,1,0
2967,403,2,0
4890,87,1,0
2523,1400,2,0
4536,1400,5,0
3769,52,2,0
4213,1400,2,0
5751,74,1,0
4222,1400,7,0
2992,74,1,0
203,803,1,0
3905,74,2,1
1338,403,1,0
1659,56,1,0
2502,191,0,0
3639,381,0,0
3192,111,0,0
815,381,0,0
3104,308,0,0
5080,308,0,0
3085,308,0,0
6427,14,0,0
2264,308,0,0
5991,381,0,0
6148,191,0,0
6314,14,0,0
1395,101,0,0
1608,93,0,0
4015,308,0,0
4514,7,0,0
2659,308,0,0
5166,308,0,0
1510,48,0,0
531,7,0,0
2913,93,0,0
5127,7,0,0
877,48,0,0
249,191,0,0
2293,191,0,0
5020,48,0,0
381,87,0,0
3070,191,0,0
1976,52,0,0
3260,191,0,0
326,191,0,0
5801,48,0,0
6065,191,0,0
3775,308,0,0
1241,93,0,0
6469,24,0,0
2033,308,0,0
4768,381,0,0
6383,6,0,0
4292,48,0,0
505,48,0,0
3754,24,0,0
3595,24,0,0
3000,101,0,0
6155,93,0,0
786,48,0,0
899,17,0,0
3232,47,0,0
6243,381,0,0
2246,6,0,0
6470,381,0,0
3990,74,0,0
2712,74,0,0
4022,48,0,0
811,14,0,0
6234,381,0,0
5891,803,0,0
4878,74,0,0
2757,50,0,0
1078,308,0,0
1549,191,0,0
4389,74,0,0
501,381,0,0
1068,381,0,0
3760,803,0,0
1671,308,0,0
3922,308,0,0
3215,6,0,0
5856,93,0,0
5673,1,0,0
1426,308,0,0
2638,308,0,0
5721,50,0,0
3018,308,0,0
272,381,0,0
4655,381,0,0
1533,381,0,0
6366,74,0,0
5844,74,0,0
6409,381,0,0
3343,1400,10,0
857,48,0,0
4005,803,0,0
370,74,0,0
2988,48,0,0
1673,87,0,0
435,47,0,0
5279,308,0,0
2011,74,0,0
1991,381,0,0
2091,74,0,0
4794,381,0,0
4151,381,0,0
1646,308,0,0
5510,14,0,0
5508,191,0,0
5985,308,0,0
541,191,0,0
6459,381,0,0
390,308,0,0
2263,381,0,0
4868,6,0,0
2008,74,0,0
111,74,0,0
5903,381,0,0
6039,381,0,0
5135,381,0,0
5121,74,0,0
1680,1400,0,0
2535,308,0,0
4300,308,0,0
2000,381,0,0
4348,87,0,0
123,191,0,0
3039,93,0,0
4400,48,0,0
2100,381,0,0
2081,48,0,0
2154,403,0,0
2088,74,0,0
5648,308,0,0
4546,381,0,0
6349,52,0,0
1668,52,0,0
1326,403,0,0
6028,308,0,0
3406,381,0,0
2291,308,0,0
1308,52,0,0
4669,308,0,0
4704,403,0,0
4754,93,0,0
5434,87,0,0
1294,48,0,0
4770,87,0,0
2504,52,3,0
6007,6,0,0
700,381,0,0
2906,52,0,0
2763,381,0,0
3587,381,0,0
3100,1400,5,0
4576,74,0,0
3324,93,0,0
5087,93,0,0
3103,308,0,0
3270,308,0,0
4029,803,1,0
1399,308,0,0
4012,50,0,0
2457,48,0,0
4286,101,0,0
2418,6,0,0
5007,191,0,0
1484,87,0,0
5047,308,0,0
1838,1400,1,0
5465,381,0,0
3550,53,0,0
6047,381,0,0
1916,74,0,0
3084,74,0,0
3937,7,0,0
4885,308,0,0
827,381,0,0
4973,74,0,0
1276,308,0,0
5577,6,0,0
3446,403,0,0
5797,53,0,0
3244,52,0,0
2998,101,0,0
923,6,0,0
5869,403,0,0
4589,101,0,0
6114,308,0,0
6365,403,0,0
2342,101,0,0
4586,87,0,0
2071,381,0,0
4451,381,0,0
5384,308,0,0
758,403,0,0
6391,191,0,0
4206,191,0,0
4821,381,0,0
894,101,0,0
2130,6,0,0
6398,101,0,0
5509,381,0,0
1447,53,0,0
4365,381,0,0
5174,50,0,0
6058,56,0,0
6283,87,0,0
3177,42,5,0
4229,87,0,0
6478,6,0,0
2444,403,0,0
5746,52,0,0
6421,101,0,0
3806,381,0,0
1394,56,0,0
1455,74,0,0
1693,74,0,0
573,101,2,0
1153,403,0,0
1559,6,0,0
6042,93,0,0
1599,52,0,0
5569,52,0,0
1132,381,0,0
3554,381,0,0
4777,74,0,0
5350,53,14,0
4764,101,0,0
2327,101,0,0
5775,308,0,0
1872,41,0,0
4251,101,0,0
6191,56,0,0
2186,101,1,0
3359,87,0,0
6077,191,0,0
18,191,1,0
4,1400,1,0
4975,74,0,0
1944,308,0,0
959,308,0,0
5028,381,0,0
202,403,0,0
2029,53,0,0
1722,59,1,0
4273,87,0,0
2573,403,0,0
2722,381,0,0
2067,101,0,0
2872,308,0,0
1282,74,0,0
92,87,0,0
3669,87,0,0
2333,74,0,0
5019,1400,5,0
78,101,0,0
2338,74,0,0
2901,87,0,0
2423,160,0,0
426,52,0,0
5914,101,0,0
60,87,0,0
850,52,0,0
3350,52,0,0
5749,308,0,0
1039,403,0,0
3190,403,0,0
4582,74,0,0
4916,308,0,0
5793,403,0,0
4218,74,0,0
1041,403,0,0
5683,93,2,0
6280,1400,5,0
181,74,0,0
5333,1400,1,0
5033,381,0,0
6439,308,0,0
5679,403,0,0
6390,52,0,0
6458,1400,1,0
2765,101,0,0
2594,308,0,0
4739,41,0,0
2410,101,0,0
4278,101,2,0
4847,308,0,0
4846,74,0,0
1920,101,0,0
1760,403,0,0
772,308,0,0
771,1400,1,0
5103,403,0,0
4056,74,0,0
4058,403,0,0
4903,1400,0,0
1057,101,0,0
3337,1400,6,0
5193,1400,4,0
6361,403,0,0
1084,111,891,6
5061,153,214,1
832,78,78,1
3224,193,1189,2
5317,153,376,1
2093,193,127,0
5726,61,213,0
5356,193,802,2
2152,308,32,0
6088,111,62,1
3652,13,387,14
5228,193,357,0
6304,111,109,0
2233,61,58,0
6121,61,15,0
4155,403,55,8
629,111,1058,11
4156,111,43,0
3757,27,6,0
3569,153,133,0
756,193,63,0
4073,111,44,0
4489,7,45,0
3157,61,31,0
5027,111,40,0
3704,153,164,4
2602,111,104,0
3750,1,435,0
1106,160,4258,242
1861,111,207,6
3600,29,39,0
2114,381,204,14
419,153,75,2
2739,308,330,28
3345,78,491,20
6290,47,77,0
3358,78,1351,12
4230,111,90,1
4143,193,583,2
1071,381,18,0
581,61,232,0
4622,61,71,0
2193,193,597,2
5519,111,136,1
6499,78,671,2
1095,193,2,0
6292,308,27,5
5579,61,63,0
3986,61,47,0
3182,52,118,4
4824,78,188,8
2126,193,29,0
3515,193,170,1
5533,27,15,0
211,47,344,7
2315,61,91,0
4182,25,7,0
1215,153,77,1
6063,308,11,0
4473,50,457,0
5428,153,154,0
5455,111,85,1
1508,381,7,0
292,193,205,0
4441,111,31,0
3598,93,55,1
4656,27,310,1
1244,78,38,3
2779,61,72,0
2252,153,22,0
6448,78,41,2
450,381,20,0
13,11,354,0
4152,153,46,1
779,193,29,0
222,61,16,0
1648,29,48,0
429,193,28,0
1867,381,1,1
4120,29,11,0
5794,29,27,0
931,41,28,1
1019,308,406,19
27,78,58,1
4168,308,13,1
5298,78,226,15
5663,308,175,7
4236,153,16,0
5804,193,13,0
1923,160,5,0
1875,111,181,1
705,193,51,0
1558,37,32,4
4381,78,27,0
2163,7,14,0
1618,111,24,0
773,45,5,1
2376,153,20,0
4098,111,61,0
71,78,33,0
1207,403,14,3
5867,111,126,2
6389,308,53,10
5277,153,12,0
674,56,47,4
565,308,17,3
4977,29,28,0
3083,111,116,1
4374,111,28,0
2313,308,19,0
2232,27,18,0
3130,193,34,0
1866,193,36,0
1203,381,11,0
1242,153,12,1
975,308,2,0
5561,308,39,3
1424,193,38,1
2707,193,5,0
4201,308,17,2
4235,93,101,2
6272,111,8,0
1851,78,49,3
4199,111,19,0
3811,153,12,0
2403,381,17,1
5720,78,33,0
6209,111,7,0
4255,160,1,0
5718,29,15,0
6305,93,78,2
2127,153,23,0
3426,153,45,1
1141,153,31,0
560,111,28,0
437,111,23,0
2660,78,118,0
3724,4,162,6
3763,78,90,1
5955,41,22,1
114,153,41,0
2121,101,19,0
5316,381,250,8
1339,403,8,0
2920,381,50,1
4154,27,4,0
1933,153,13,0
1871,111,101,4
520,381,9,0
1674,29,6,0
5792,193,3,0
2023,5,5,0
3974,61,7,0
1480,25,10,0
488,78,50,0
6269,111,25,0
4697,153,12,0
6012,153,23,0
1687,111,6,1
4002,111,4,0
1593,153,14,2
1380,308,11,0
3250,803,134,0
2384,111,60,2
4146,11,22,0
5073,403,14,2
36,153,11,0
4806,61,13,0
5265,4,9,2
1176,4,22,1
4897,381,41,1
2041,93,13,0
4528,153,8,0
4976,4,86,6
1731,111,21,1
6159,111,5,0
3051,308,1,1
2678,153,21,0
3538,193,5,0
6300,41,52,1
466,78,15,0
3513,111,13,0
461,160,8,3
1378,153,14,0
1412,111,16,0
6262,193,15,0
1302,153,12,0
3282,308,11,0
754,61,2,0
1270,803,3,0
5706,153,3,0
6080,111,10,1
635,37,4,0
5320,193,2,0
740,17,7,1
2793,308,8,1
5183,381,30,3
2174,193,107,0
1610,308,165,3
5924,193,2,0
5410,29,10,0
3266,803,124,0
3189,160,1,0
2347,37,17,1
3548,111,29,0
3036,381,54,1
2115,381,71,0
801,381,14,1
271,308,25,1
766,193,21,0
4454,27,14,0
2019,803,93,0
2256,193,1,0
5042,47,42,0
3911,308,59,2
2582,308,9,0
1643,803,22,0
1328,381,4,0
4960,61,4,0
1965,381,19,0
2110,308,4,0
1876,153,8,0
2007,11,17,0
5182,27,25,0
6467,78,11,0
3352,803,4,0
4366,78,19,0
5081,61,3,0
5646,7,1,0
3005,35,10,0
4580,153,11,0
2910,381,10,0
5256,61,5,0
1144,381,6,0
506,111,3,0
3932,160,4,0
4386,308,54,2
4226,29,12,0
5597,803,35,0
5415,803,4,0
902,160,1,0
5093,111,13,1
903,803,19,0
4299,308,1,0
4020,45,4,0
304,153,17,0
4920,111,28,0
1764,381,8,0
334,27,3,0
2836,153,18,0
5085,191,1,0
2319,153,6,1
2334,111,19,0
1496,153,12,0
4041,37,1,0
6544,803,17,0
5397,153,3,0
2388,78,29,0
5327,381,3,1
1816,381,27,1
3923,37,13,0
5702,61,9,0
3147,153,16,0
4611,193,13,0
5713,50,5,0
6502,153,18,0
5236,111,27,1
1113,191,1,0
5304,61,8,0
1055,101,17,0
4778,308,22,0
3624,403,7,0
5305,42,3,0
4031,193,2,0
2043,37,5,0
770,45,5,0
5201,803,1,0
4687,153,16,0
6487,7,1,0
5133,27,4,0
2061,308,1,0
4284,308,1,0
5547,381,3,1
5565,29,19,0
1967,61,1,0
5171,29,35,2
4606,41,2,0
4294,61,1,0
4584,191,2,0
1460,101,2,0
820,111,2,0
5655,25,2,0
2188,111,9,0
3656,381,2,0
1568,29,14,1
1344,14,2,0
2737,153,12,0
333,78,77,0
3665,13,187,2
5355,45,2,0
2752,4,61,0
3808,78,10,0
166,153,32,0
3167,111,59,1
768,153,93,0
4045,47,107,2
687,381,30,2
4262,37,88,4
3933,111,19,1
2937,153,48,1
910,153,20,0
4552,47,214,5
1620,153,186,3
1383,381,106,3
2704,381,480,17
4506,153,61,2
4871,111,56,0
3651,4,45,0
3561,27,8,0
3453,111,24,0
4758,78,83,0
2749,803,1,0
3720,111,36,0
1634,4,33,0
3919,78,54,0
5479,93,48,1
4376,111,16,0
1988,381,171,5
4782,111,4,0
3027,4,58,0
5076,153,68,1
1216,381,6,0
4042,308,111,5
4198,308,3,2
2472,111,64,0
3638,111,17,0
1016,803,7,0
5467,78,12,0
6098,37,2,0
2211,78,12,0
4485,111,7,0
5062,153,73,0
3495,381,50,3
2213,78,12,0
88,803,4,0
418,111,10,0
878,111,45,0
2170,308,5,0
2125,111,16,1
1046,308,33,3
3936,308,32,2
4607,27,1,0
1386,381,34,0
6360,111,63,1
3570,78,12,0
3186,78,23,0
698,28,22,0
1186,381,2,0
3195,78,18,0
6138,78,22,0
6343,78,49,1
433,78,13,0
6044,78,12,0
6447,193,8,0
1010,111,8,0
4297,308,7,0
5299,111,37,0
2531,381,19,0
2743,381,7,0
496,111,10,0
5244,78,3,0
4719,308,21,0
4116,111,5,0
2888,111,10,0
3004,803,69,0
3819,35,1,0
837,308,17,1
6431,111,17,0
3822,111,6,0
5762,78,14,0
5217,308,4,1
2664,78,3,0
5986,78,10,0
3365,111,46,0
3038,111,10,0
1450,111,6,0
498,308,9,0
1152,381,7,0
3443,24,22,0
3963,111,13,0
1461,308,12,0
355,381,4,0
4377,45,1,0
4554,78,18,0
6068,381,8,0
4052,101,3,0
6087,111,1,0
4013,37,1,0
2417,35,3,0
4021,111,6,1
5313,381,2,0
757,308,1,0
876,193,29,0
5398,153,6,0
5300,111,2,2
6177,111,29,0
3593,111,4,0
4681,15,22,0
2539,78,9,0
3771,59,2,0
4402,308,3,1
1449,78,6,0
3946,381,11,1
6450,27,3,0
944,191,5,0
4604,78,13,0
2708,41,1,0
5471,153,3,0
6230,78,2,0
2296,27,2,0
1686,803,5,0
132,381,3,0
403,45,18,0
4491,78,9,0
5396,381,1,0
1974,27,5,0
137,308,4,0
823,111,4,1
6356,308,12,1
3056,45,3,1
3188,27,3,0
2057,3,2,0
2762,24,3,0
6274,803,8,0
2475,78,10,0
2407,93,7,0
2592,308,3,1
1874,111,3,0
6370,37,1,0
2411,191,3,0
6049,41,5,2
3783,308,7,0
1397,37,1,0
802,381,1,0
5252,35,1,0
602,308,4,0
3816,35,1,0
5012,308,2,0
3211,308,1,0
2541,308,1,0
5898,803,2,0
5283,35,5,0
4703,308,38,4
6023,308,44,1
4632,308,19,0
6256,27,9,0
354,308,5,0
2397,15,2,0
4438,308,7,1
3327,37,8,0
5189,45,1,0
6480,381,8,0
5982,308,2,0
6320,381,1,0
1715,15,1,0
4551,101,3,0
1763,381,2,0
5659,308,1,0
5052,191,3,0
6362,27,16,0
3055,381,1,0
924,101,1,0
3334,191,4,0
4437,153,64,0
5777,161,32,0
3887,56,15,0
5828,7,113,0
1970,10,255,1
4351,153,101,0
2562,381,7,0
4100,78,179,3
4901,153,118,0
6213,78,253,5
6568,111,64,0
4375,153,10,0
6437,78,20,0
5834,93,11,0
2242,78,423,5
3621,22,51,0
2190,56,68,3
4945,381,133,0
5091,78,30,0
2628,93,10,0
2609,47,68,2
2880,161,117,0
411,34,225,0
91,34,120,0
3486,34,35,1
3852,161,6,0
226,1400,2,0
343,78,141,4
1517,22,94,1
2858,153,62,0
5484,34,56,0
4841,1400,13,0
3680,803,2,0
330,161,19,0
769,193,197,2
5408,381,12,0
5311,193,22,0
2191,34,6,0
4795,45,6,0
3910,45,1,0
4345,381,3,0
4344,193,95,2
135,10,1,0
1856,34,34,1
4162,47,53,1
4009,93,6,0
3081,45,5,0
178,308,8,0
3597,160,11,0
6518,93,45,0
4331,93,108,1
2598,153,15,0
5964,153,15,0
3678,4,23,0
394,4,5,0
2898,14,28,1
79,78,20,0
3374,1400,16,0
4197,1400,14,0
4994,403,10,0
1453,34,1,0
3392,161,5,0
1181,161,60,0
2214,193,64,0
4210,381,14,0
2340,161,18,0
3183,45,9,0
2373,93,63,2
4690,34,20,0
3994,4,16,0
5358,25,18,0
1605,381,3,0
4941,45,7,0
2056,161,58,0
5129,308,14,1
4848,193,5,0
5928,55,24,0
5008,10,2,0
4017,78,18,0
4149,10,20,1
4692,93,72,0
48,45,3,0
1030,7,1,0
6541,161,3,0
5470,153,13,0
5150,101,1,0
1499,308,10,0
3363,161,18,0
2890,1400,7,0
660,1400,4,0
3504,10,7,0
6126,193,14,0
4691,111,1,0
2341,50,9,0
2183,10,6,0
5822,61,1,0
4524,1400,5,0
6217,1400,5,0
3563,45,7,0
6488,1400,3,0
4468,93,9,0
3662,161,4,0
1750,381,17,1
2915,160,10,0
966,55,17,0
6352,803,2,0
5240,403,4,0
6084,78,8,0
5935,193,4,0
892,160,9,0
933,403,6,0
764,45,3,0
3572,161,4,0
2528,45,5,0
303,160,3,0
4962,193,5,0
3375,803,2,0
5330,161,13,0
5282,10,12,0
891,78,17,0
841,308,9,0
5703,61,1,1
962,193,73,2
3891,153,20,0
854,45,5,0
2542,1400,6,0
2037,93,140,13
6195,45,8,0
2467,153,9,0
6235,803,2,0
324,1400,4,0
4484,1400,20,0
4405,803,4,0
4814,803,6,0
1219,193,2,0
2516,160,2,0
6512,161,4,0
3685,1400,6,0
5041,101,3,1
4727,193,8,0
1155,93,60,0
6351,7,2,0
4074,161,25,0
170,308,1,0
2944,50,1,0
5814,381,6,0
2652,381,40,2
6523,7,1,0
2039,1400,14,0
503,153,7,0
70,193,76,1
4129,160,6,0
4979,403,3,0
3046,193,1,0
981,161,1,0
4672,55,1,0
5770,160,5,0
6224,161,8,0
5876,381,5,0
6282,308,6,0
4459,161,18,0
6242,381,10,1
1034,34,6,0
3329,160,7,0
5348,34,17,0
2772,45,2,0
5476,381,1,0
4734,34,5,0
5168,10,6,0
470,1400,9,0
3388,193,15,0
6038,10,17,0
2729,381,2,0
2980,153,8,0
2290,45,4,0
1798,4,12,0
2626,193,4,0
807,1400,7,0
4132,55,8,0
3541,161,7,0
6575,161,1,0
3543,24,36,0
562,161,56,0
3194,45,1,0
5390,193,2,0
3290,161,2,0
4517,56,11,2
302,803,6,0
2337,381,1,0
4927,193,2,0
626,101,1,0
653,1400,7,0
1260,381,2,0
1359,1400,3,0
1202,381,1,1
3673,161,1,0
2903,803,8,0
3206,193,2,0
4277,161,2,0
3122,34,2,0
1796,34,5,0
3233,381,2,1
2111,381,2,0
1200,101,4,0
3703,50,1,0
5464,381,4,0
2192,381,3,0
3514,308,2,0
4774,193,5,0
917,111,3,0
229,803,5,0
4911,1400,3,0
1628,803,2,0
6082,193,3,0
1719,7,2,0
3761,4,1,0
1247,161,3,0
6273,153,5,0
2947,1400,3,0
2563,403,1,0
3492,1400,1,0
4667,1400,5,0
3894,1400,4,0
884,193,3,0
1561,160,1,0
5218,34,1,0
6094,803,2,0
4370,50,4,0
2083,161,4,0
6277,803,2,0
3672,803,8,1
5835,161,1,0
3112,10,5,0
3996,1400,3,0
3328,193,45,0
2490,403,1,0
796,111,1,0
5574,1400,6,0
1511,161,2,0
4369,161,2,0
3861,160,2,0
657,308,1,0
2662,1400,2,0
1903,45,1,0
5140,308,1,0
2634,1400,2,0
4956,160,2,0
1725,1400,3,0
5599,1400,4,0
408,381,1,0
3796,381,1,0
4829,381,3,0
879,381,4,0
3269,25,3,1
327,93,1,0
4207,1400,3,0
237,161,1,0
103,1400,1,0
5291,308,1,0
3064,403,2,1
1493,308,2,0
4214,308,10,1
1773,153,24,0
4359,191,345,0
2282,191,158,0
4382,308,13,1
6573,191,106,0
2755,56,30,1
4534,193,40,0
1639,56,85,0
2966,308,63,0
2255,93,30,1
2470,191,62,0
4746,1400,2,0
1009,93,114,0
5190,193,68,2
1571,193,41,0
5204,153,33,0
5270,1400,2,0
4203,803,4,0
2175,52,4,0
1846,381,50,0
5692,193,24,0
2014,193,27,0
5667,1400,7,0
1303,403,1,0
6416,381,7,0
5880,381,9,0
3735,52,10,0
5475,381,7,1
3746,153,30,0
6216,308,8,0
3564,93,34,0
3163,381,18,0
1115,308,6,0
1736,308,7,0
3779,381,7,1
5200,193,28,0
2886,93,32,0
5192,93,29,0
2379,193,35,0
6246,193,40,0
1028,101,2,0
2102,93,26,0
2600,381,1,1
2017,193,45,0
3065,381,2,0
2286,17,6,0
5431,93,20,0
5251,14,2,0
3283,93,2,0
2519,381,15,0
3139,308,11,0
1945,308,2,0
6055,381,2,0
2103,803,3,0
2358,52,2,0
3125,101,1,0
4900,101,1,0
5442,803,2,0
1665,308,7,2
5996,93,2,0
1934,1400,4,0
3810,52,4,0
2458,403,1,0
2272,803,3,0
4989,1400,4,1
375,56,1,0
5501,1400,1,0
3985,803,6,0
5649,381,1,0
5833,381,3,1
2050,381,1,0
1790,35,19,0
6173,381,9,0
6307,381,2,0
5769,55,1,0
5167,55,2,0
5238,55,3,0
3650,1400,6,0
5038,101,1,0
6296,1400,1,0
3982,803,2,0
2336,55,2,0
4861,55,1,0
5202,52,4,0
5372,381,10,0
5055,381,1,0
1735,93,7,0
6442,55,1,0
4028,803,5,0
4063,101,2,0
5939,1400,1,0
659,55,1,0
1787,1400,3,0
1688,101,1,0
169,93,1,1
5018,160,1851,74
1961,308,2139,93
3212,153,857,10
3610,193,12,0
3197,191,165,0
63,161,36,0
2332,403,13,0
4024,34,29,0
2699,78,55,1
4968,5,72,1
3830,193,16,0
4539,308,290,38
4676,403,21,1
3647,191,855,2
3897,403,34,2
1855,308,313,19
2144,193,3,0
3606,381,121,3
4453,191,204,0
5393,193,81,0
3450,193,36,0
1534,191,306,0
5329,381,9,0
3925,308,108,5
5247,308,512,85
6060,403,248,4
5853,193,13,0
5394,403,28,1
5870,381,10,0
4726,191,19,0
2274,1,6,0
3313,42,104,8
2817,78,37,0
1105,7,35,1
5698,193,56,0
4193,191,65,0
4910,403,29,1
40,381,35,3
3475,161,1,0
3417,5,26,0
1797,7,27,0
1043,191,13,1
5124,193,7,0
890,161,78,0
2443,803,1,0
647,55,57,0
2912,193,46,1
2687,153,61,2
4761,153,30,1
4227,14,45,0
5379,193,20,1
977,153,31,1
2015,193,10,0
1870,34,5,1
6325,7,11,0
2267,403,15,0
3649,153,22,0
5391,403,69,1
580,381,7,0
4557,403,3,0
5889,78,50,0
6181,3,5,0
5181,1400,4,0
3611,42,58,7
6449,24,13,0
3906,161,1,0
2983,403,5,0
3510,381,7,0
2427,24,38,0
4456,193,10,0
1556,381,10,0
5708,308,77,9
2132,1400,2,0
2701,308,13,0
5156,193,25,0
5021,308,10,1
5675,193,18,1
2377,193,43,0
2826,308,118,6
5759,161,1,0
6546,55,1,0
4698,1400,3,0
3790,193,20,0
715,34,1,0
3605,55,16,0
395,1400,2,0
5979,160,2,0
4010,160,3,0
1584,161,4,0
4176,803,4,0
2981,403,32,1
2454,403,3,0
5591,34,15,0
3143,1400,2,0
213,381,16,3
3041,193,17,0
2889,160,5,0
1979,161,8,0
6017,14,1,0
745,17,5,0
1396,161,9,0
3529,403,37,0
830,55,21,0
1757,193,88,0
115,308,39,4
5154,160,5,0
6445,381,2,0
2674,381,6,0
2527,1400,3,0
264,193,1,0
3326,1400,6,0
583,308,92,2
3156,55,1,0
5790,403,4,0
4507,403,2,0
1192,56,3,1
4130,381,7,0
6002,308,17,1
2368,7,6,1
5438,101,1,0
1121,403,1,0
6043,160,2,0
5417,403,2,0
4248,381,2,0
2560,7,3,0
4407,56,12,1
3436,308,11,2
3304,193,6,0
3040,56,1,0
1001,403,24,0
6011,1400,4,0
5172,193,2,0
3793,403,4,1
2244,403,4,0
4363,381,8,0
1452,1400,7,0
1403,403,2,0
2771,1400,2,0
4851,193,2,0
6252,161,2,0
3415,803,2,0
415,160,1,0
4621,193,2,0
4815,160,1,0
4591,1400,2,0
3503,161,4,0
1766,160,1,0
337,381,1,0
2881,803,1,0
2768,161,11,0
5493,403,1,1
5449,160,2,0
6215,308,5,2
798,160,1,0
6085,193,38,0
5890,381,2,0
1701,1400,3,0
1400,308,1,0
3251,381,2,1
6526,1400,1,0
1025,161,3,0
1220,381,2,0
844,803,2,0
2370,101,1,0
746,1400,1,0
3368,160,255,2
5241,308,4,0
4057,61,96,0
3396,56,51,1
4406,403,11,0
4470,308,9,0
5567,308,11,0
3422,56,190,0
5852,55,20,0
3452,403,63,0
706,61,25,0
1423,308,89,0
4844,61,10,0
378,308,86,2
5374,61,15,0
6160,193,3,0
3565,61,15,0
5402,403,22,1
5701,308,7,1
5893,56,17,0
652,5,7,0
1118,193,3,0
6414,308,2,0
2783,153,39,1
3696,193,49,1
2801,15,12,0
5194,15,6,0
5956,15,36,0
3602,5,12,0
3896,55,18,0
2963,308,27,0
5617,193,2,0
2501,193,5,0
4070,381,14,0
3297,61,21,0
5905,15,5,0
6428,55,17,0
1666,193,1,0
5229,61,15,0
5002,193,3,0
4857,308,31,1
2028,308,2,0
3539,5,18,0
4914,61,28,0
5338,61,17,0
4266,78,18,0
3478,61,17,0
5619,1400,2,0
5937,78,13,0
2231,193,11,0
2561,61,1,0
2271,308,18,0
1726,47,22,0
1297,161,6,0
95,61,3,0
5225,381,3,0
5152,61,1,0
4282,15,12,0
5765,153,15,0
3227,1400,2,0
5645,61,9,0
3261,193,3,0
3124,61,9,0
4597,193,11,0
2462,403,22,0
1307,308,23,0
4076,61,3,0
539,193,12,0
1246,308,4,0
5259,381,6,0
4889,61,6,0
2547,403,2,0
4999,15,9,0
4004,55,3,0
4789,161,2,0
3221,93,45,2
964,381,4,0
5213,193,7,0
4027,61,8,0
5014,15,5,0
4831,61,23,0
5631,61,7,0
4906,78,9,0
1371,153,10,0
5343,61,2,0
6057,381,3,0
6394,308,11,0
6106,61,18,0
2079,308,1,0
5420,403,3,0
2117,193,4,0
5557,15,1,0
3054,61,3,0
673,193,1,0
6436,61,2,0
5503,78,6,0
2208,193,1,0
3079,308,1,0
188,78,13,0
4204,193,1,0
3020,15,4,0
5671,61,7,0
6030,78,4,0
637,381,1,0
4731,50,1,0
5498,403,1,0
5808,381,1,0
2087,15,9,0
2382,403,3,1
1471,381,5,0
4324,61,2,0
661,61,2,0
1705,193,1,0
3666,15,1,0
217,193,4,0
5812,61,2,0
3199,15,7,0
3715,381,1,0
322,381,1,0
4509,193,1,0
4992,381,1,0
400,308,2,1
5854,193,1,0
1982,161,3,0
1062,308,1,0
4735,193,1,0
444,161,1,0
3299,15,1,0
2830,61,2,0
1256,193,3,0
1653,403,1,0
4618,61,3,0
3942,78,2,0
480,308,3,0
6404,61,2,0
5786,193,2,0
5126,193,2,0
1089,308,1,0
3222,193,1,0
4742,193,1,0
669,61,3,0
125,15,1,0
4701,193,1,0
5707,61,1,0
5862,308,3,0
6225,308,2,0
2075,381,1,0
4581,193,1,0
5892,193,1,0
5418,161,1,0
2234,61,1,0
4733,308,1,0
4471,308,1,0
2261,15,1,0
915,1400,1,0
3172,61,1,0
2814,61,1,0
814,403,1,0
2756,308,1,0
6117,161,1,1
4850,55,1,0
2283,1400,1,0
1606,78,605,30
2849,47,2113,60
5056,53,266,17
1999,53,751,3
1137,53,732,23
4447,2,127,9
3238,78,18,0
4561,50,141,0
5517,37,439,3
2483,29,54,0
3655,53,34,1
5994,381,300,10
3739,37,209,0
3165,78,219,6
554,17,8,3
5404,28,100,0
6536,4,31,1
1420,37,156,0
6372,53,42,0
3444,53,1722,29
3366,78,32,0
349,53,2,0
3323,53,243,0
5823,53,24,3
2065,53,309,2
5123,78,9,0
5962,381,78,0
2307,160,150,8
4923,153,51,0
1597,78,71,0
5618,193,78,0
438,78,244,6
2146,53,91,3
6327,78,17,0
3077,78,149,7
3490,37,88,0
1551,47,13,0
4340,53,115,0
5550,78,91,1
4978,47,83,0
2259,53,17,0
4109,37,59,0
1029,93,5,0
6031,37,104,0
1948,78,93,4
1033,29,66,1
4643,53,13,0
4333,37,108,3
6463,93,23,1
4543,308,6,0
4267,381,17,1
1337,93,19,2
5285,78,81,2
2863,93,18,0
449,53,108,2
5452,37,43,0
6545,37,7,0
3078,37,52,0
1990,37,11,0
5542,47,31,0
6045,41,13,0
5340,28,3,0
4982,61,3,0
6514,37,118,0
4150,28,5,0
1373,37,28,2
3351,53,3,0
5456,53,44,0
3557,37,70,0
1883,37,5,0
3015,78,51,0
3397,308,16,1
5339,41,17,0
3258,53,45,0
6569,53,57,0
4738,53,34,0
1708,29,53,0
4007,111,11,0
5245,111,14,0
2040,111,17,0
885,381,38,0
4439,93,11,0
2119,78,26,0
5553,50,6,0
3912,153,15,0
2494,47,63,0
5910,381,12,0
6363,93,37,1
4160,193,1,0
6422,37,122,0
900,78,38,0
4799,28,2,0
2964,153,8,0
6000,78,99,5
1045,28,2,0
3585,41,2,0
4974,78,22,0
3691,53,5,0
727,381,13,0
1507,111,18,0
5732,41,11,1
6129,15,4,0
6270,53,8,0
4462,93,12,0
6199,101,1,1
2997,153,10,0
3419,308,20,1
2073,153,15,0
311,78,13,0
3870,308,9,0
3009,153,15,1
5242,27,2,0
3385,111,21,0
6289,41,3,0
969,53,23,0
4379,50,8,0
1579,153,11,0
5750,53,25,0
9,803,2,0
736,308,7,0
6219,78,26,0
3571,53,8,0
5545,37,20,0
6510,153,9,0
984,308,35,1
2200,53,9,0
6532,53,26,2
5839,111,11,0
3037,381,6,0
3851,53,5,0
2904,93,26,2
4600,93,11,1
2020,4,2,0
3300,308,7,0
2554,101,1,0
4798,17,5,0
1107,308,37,2
901,381,1,0
5165,78,13,0
5016,381,10,1
6571,37,1,0
4136,17,2,0
5496,37,3,0
4522,37,1,0
2488,381,1,0
3458,47,14,0
2859,111,12,0
4289,101,5,0
5031,37,1,0
6429,24,4,0
2895,93,8,0
1236,381,4,0
3682,53,9,1
1309,381,5,0
2870,28,3,0
2054,111,14,0
142,403,16,0
1274,381,2,1
5159,381,3,0
6178,101,1,0
3071,37,1,0
792,308,4,0
4749,381,3,0
3898,381,1,0
2245,381,1,0
3394,308,3,0
3148,308,3,0
5223,53,3,0
6329,53,2,0
6549,78,6,0
2907,35,4,0
273,93,1,0
5406,4,8,0
4583,93,6,0
1641,35,1,0
5686,7,5,1
6504,803,4,0
4519,50,3,0
1788,4,4,0
2343,308,3,0
6415,37,3,0
5733,308,1,0
963,308,4,0
603,308,1,0
4605,4,3,0
1296,41,1,0
919,381,1,0
5868,53,2,0
6026,308,2,0
1822,381,1,0
3792,381,4,0
199,78,4,0
422,37,8,0
5795,111,2,0
5324,37,1,0
5266,381,1,0
2331,53,3,0
1300,803,2,0
28,35,2,0
3344,53,3,0
751,403,3,0
2950,308,3,0
317,308,1,0
4836,403,3,0
2975,308,1,0
2578,381,1,0
4832,37,1,0
2107,803,1,0
6251,308,3,0
1835,803,2,0
6347,93,1,0
3322,35,1,0
5347,308,2,0
3935,803,1,0
1482,308,5,0
1973,37,2,0
14,53,1,0
6337,803,1,0
3155,308,1,0
147,381,1,0
4598,53,1,0
4391,53,1,0
6248,381,1,0
702,803,1,0
5895,28,2,0
2353,28,1,0
4126,15,4,0
338,28,1,0
3836,803,2,0
1638,803,2,0
35,53,1,0
1091,381,3,0
3844,308,1,0
5615,53,2,0
1285,53,1,0
4397,381,1,0
2644,803,1,0
6035,381,1,0
6029,381,1,1
414,37,1,0
4856,381,1,0
5253,381,7,0
3073,56,13,0
42,160,4,0
6378,1400,2,0
5144,308,12,0
5446,381,4,0
3309,308,9,0
6543,161,1,0
4608,160,1,0
2754,191,2,0
3654,803,2,0
4985,1400,2,0
6464,1400,1,0
5117,161,1,0
2943,1400,1,0
5657,803,1,0
6498,25,1,0
1475,161,1,0
3581,1400,1,0
5035,161,4,0
3410,403,1,0
2477,161,1,0
2751,308,1,0
5098,403,1,0
2268,1400,1,0
4295,1400,1,0
2735,1400,2,0
1017,160,1,0
5513,160,1,0
69,161,2,0
852,160,2,0
5514,381,1,0
5351,803,1,0
1873,1400,1,0
5997,803,1,0
791,15,1,0
4645,1400,2,0
2451,403,1,0
5816,161,1,0
3860,381,1,0
1459,1400,1,0
2010,1400,1,0
663,25,1,0
